course_id,course_name,department,instructor,building,room,semester,section,day_of_week,start_time,end_time
ME386,Introduction to ME 1,ME,Prof. Cb,Management Building,MB-409,Spring,C,Wed,12:30,14:00
ME386,Introduction to ME 1,ME,Prof. Cb,Management Building,MB-409,Spring,C,Sat,12:30,14:00
ME386,Introduction to ME 1,ME,Prof. Cb,Management Building,MB-409,Spring,C,Fri,12:30,14:00
Physics341,Introduction to Physics 2,Physics,Prof. Vb,Central Library Building,CLB-408,Fall,A,Mon,15:00,16:00
Physics341,Introduction to Physics 2,Physics,Prof. Vb,Central Library Building,CLB-408,Fall,A,Wed,15:00,16:00
Economics220,Introduction to Economics 3,Economics,Prof. Qx,Main Academic Block,MAB-509,Spring,B,Tue,13:00,14:30
Economics220,Introduction to Economics 3,Economics,Prof. Qx,Main Academic Block,MAB-509,Spring,B,Mon,13:00,14:30
ME426,Introduction to ME 4,ME,Prof. My,Central Library Building,CLB-403,Fall,B,Wed,12:30,13:30
ME426,Introduction to ME 4,ME,Prof. My,Central Library Building,CLB-403,Fall,B,Tue,12:30,13:30
CS150,Introduction to CS 5,CS,Prof. Fw,Science Complex,SC-105,Spring,C,Sat,14:30,16:00
CS150,Introduction to CS 5,CS,Prof. Fw,Science Complex,SC-105,Spring,C,Tue,14:30,16:00
CS221,Introduction to CS 6,CS,Prof. Wv,Main Academic Block,MAB-305,Fall,B,Thu,11:00,12:00
CS221,Introduction to CS 6,CS,Prof. Wv,Main Academic Block,MAB-305,Fall,B,Fri,11:00,12:00
Chemistry213,Introduction to Chemistry 7,Chemistry,Prof. Ii,Main Academic Block,MAB-202,Fall,A,Fri,11:30,13:00
Chemistry213,Introduction to Chemistry 7,Chemistry,Prof. Ii,Main Academic Block,MAB-202,Fall,A,Thu,11:30,13:00
Chemistry213,Introduction to Chemistry 7,Chemistry,Prof. Ii,Main Academic Block,MAB-202,Fall,A,Sat,11:30,13:00
Economics495,Introduction to Economics 8,Economics,Prof. Ne,Central Library Building,CLB-108,Spring,C,Fri,12:30,14:00
Economics495,Introduction to Economics 8,Economics,Prof. Ne,Central Library Building,CLB-108,Spring,C,Wed,12:30,14:00
Economics495,Introduction to Economics 8,Economics,Prof. Ne,Central Library Building,CLB-108,Spring,C,Sat,12:30,14:00
Physics409,Introduction to Physics 9,Physics,Prof. Gf,Main Academic Block,MAB-405,Spring,C,Mon,10:00,11:00
Physics409,Introduction to Physics 9,Physics,Prof. Gf,Main Academic Block,MAB-405,Spring,C,Wed,10:00,11:00
CE153,Introduction to CE 10,CE,Prof. Gs,Central Library Building,CLB-501,Spring,B,Wed,08:30,10:00
CE153,Introduction to CE 10,CE,Prof. Gs,Central Library Building,CLB-501,Spring,B,Tue,08:30,10:00
CE153,Introduction to CE 10,CE,Prof. Gs,Central Library Building,CLB-501,Spring,B,Sat,08:30,10:00
CS379,Introduction to CS 11,CS,Prof. Zy,Science Complex,SC-508,Spring,B,Sat,09:00,10:30
CS379,Introduction to CS 11,CS,Prof. Zy,Science Complex,SC-508,Spring,B,Mon,09:00,10:30
CE461,Introduction to CE 12,CE,Prof. Ft,Main Academic Block,MAB-405,Fall,A,Mon,09:00,10:00
CE461,Introduction to CE 12,CE,Prof. Ft,Main Academic Block,MAB-405,Fall,A,Thu,09:00,10:00
CE445,Introduction to CE 13,CE,Prof. Mc,Central Library Building,CLB-305,Fall,A,Wed,12:30,14:00
CE445,Introduction to CE 13,CE,Prof. Mc,Central Library Building,CLB-305,Fall,A,Fri,12:30,14:00
CE445,Introduction to CE 13,CE,Prof. Mc,Central Library Building,CLB-305,Fall,A,Tue,12:30,14:00
Chemistry274,Introduction to Chemistry 14,Chemistry,Prof. Kx,Central Library Building,CLB-308,Spring,B,Tue,08:30,10:00
Chemistry274,Introduction to Chemistry 14,Chemistry,Prof. Kx,Central Library Building,CLB-308,Spring,B,Mon,08:30,10:00
Chemistry274,Introduction to Chemistry 14,Chemistry,Prof. Kx,Central Library Building,CLB-308,Spring,B,Thu,08:30,10:00
CE445,Introduction to CE 15,CE,Prof. Ej,Engineering Tower,ET-205,Spring,C,Sat,13:30,15:00
CE445,Introduction to CE 15,CE,Prof. Ej,Engineering Tower,ET-205,Spring,C,Fri,13:30,15:00
CE445,Introduction to CE 15,CE,Prof. Ej,Engineering Tower,ET-205,Spring,C,Wed,13:30,15:00
Physics234,Introduction to Physics 16,Physics,Prof. Zl,Main Academic Block,MAB-208,Fall,C,Thu,09:00,10:00
Physics234,Introduction to Physics 16,Physics,Prof. Zl,Main Academic Block,MAB-208,Fall,C,Wed,09:00,10:00
Physics234,Introduction to Physics 16,Physics,Prof. Zl,Main Academic Block,MAB-208,Fall,C,Mon,09:00,10:00
Bio122,Introduction to Bio 17,Bio,Prof. Oj,Central Library Building,CLB-109,Spring,B,Mon,14:30,15:30
Bio122,Introduction to Bio 17,Bio,Prof. Oj,Central Library Building,CLB-109,Spring,B,Thu,14:30,15:30
Bio122,Introduction to Bio 17,Bio,Prof. Oj,Central Library Building,CLB-109,Spring,B,Sat,14:30,15:30
Economics301,Introduction to Economics 18,Economics,Prof. Oe,Science Complex,SC-509,Spring,C,Sat,12:30,13:30
Economics301,Introduction to Economics 18,Economics,Prof. Oe,Science Complex,SC-509,Spring,C,Mon,12:30,13:30
Chemistry320,Introduction to Chemistry 19,Chemistry,Prof. Tb,Central Library Building,CLB-207,Fall,B,Wed,15:30,16:30
Chemistry320,Introduction to Chemistry 19,Chemistry,Prof. Tb,Central Library Building,CLB-207,Fall,B,Tue,15:30,16:30
Bio350,Introduction to Bio 20,Bio,Prof. Kp,Science Complex,SC-404,Fall,B,Thu,09:00,10:00
Bio350,Introduction to Bio 20,Bio,Prof. Kp,Science Complex,SC-404,Fall,B,Sat,09:00,10:00
CE410,Introduction to CE 21,CE,Prof. Ly,Main Academic Block,MAB-108,Spring,B,Fri,09:30,10:30
CE410,Introduction to CE 21,CE,Prof. Ly,Main Academic Block,MAB-108,Spring,B,Tue,09:30,10:30
Bio308,Introduction to Bio 22,Bio,Prof. Mj,Engineering Tower,ET-405,Spring,A,Mon,15:30,16:30
Bio308,Introduction to Bio 22,Bio,Prof. Mj,Engineering Tower,ET-405,Spring,A,Wed,15:30,16:30
Bio308,Introduction to Bio 22,Bio,Prof. Mj,Engineering Tower,ET-405,Spring,A,Fri,15:30,16:30
Economics162,Introduction to Economics 23,Economics,Prof. Jv,Engineering Tower,ET-107,Fall,A,Tue,08:30,10:00
Economics162,Introduction to Economics 23,Economics,Prof. Jv,Engineering Tower,ET-107,Fall,A,Wed,08:30,10:00
Economics162,Introduction to Economics 23,Economics,Prof. Jv,Engineering Tower,ET-107,Fall,A,Fri,08:30,10:00
CS464,Introduction to CS 24,CS,Prof. Uc,Central Library Building,CLB-206,Spring,C,Tue,08:30,09:30
CS464,Introduction to CS 24,CS,Prof. Uc,Central Library Building,CLB-206,Spring,C,Sat,08:30,09:30
CS464,Introduction to CS 24,CS,Prof. Uc,Central Library Building,CLB-206,Spring,C,Thu,08:30,09:30
Economics360,Introduction to Economics 25,Economics,Prof. As,Central Library Building,CLB-303,Fall,C,Tue,14:30,15:30
Economics360,Introduction to Economics 25,Economics,Prof. As,Central Library Building,CLB-303,Fall,C,Thu,14:30,15:30
Economics360,Introduction to Economics 25,Economics,Prof. As,Central Library Building,CLB-303,Fall,C,Sat,14:30,15:30
Economics333,Introduction to Economics 26,Economics,Prof. Ta,Central Library Building,CLB-302,Spring,C,Mon,10:00,11:30
Economics333,Introduction to Economics 26,Economics,Prof. Ta,Central Library Building,CLB-302,Spring,C,Thu,10:00,11:30
Economics333,Introduction to Economics 26,Economics,Prof. Ta,Central Library Building,CLB-302,Spring,C,Sat,10:00,11:30
Bio181,Introduction to Bio 27,Bio,Prof. Sk,Science Complex,SC-101,Spring,C,Wed,14:00,15:30
Bio181,Introduction to Bio 27,Bio,Prof. Sk,Science Complex,SC-101,Spring,C,Fri,14:00,15:30
ME481,Introduction to ME 28,ME,Prof. Pj,Management Building,MB-508,Spring,A,Thu,10:30,12:00
ME481,Introduction to ME 28,ME,Prof. Pj,Management Building,MB-508,Spring,A,Mon,10:30,12:00
ME163,Introduction to ME 29,ME,Prof. Ox,Main Academic Block,MAB-509,Spring,B,Wed,14:00,15:30
ME163,Introduction to ME 29,ME,Prof. Ox,Main Academic Block,MAB-509,Spring,B,Thu,14:00,15:30
ME453,Introduction to ME 30,ME,Prof. Cm,Science Complex,SC-305,Fall,A,Thu,11:00,12:30
ME453,Introduction to ME 30,ME,Prof. Cm,Science Complex,SC-305,Fall,A,Wed,11:00,12:30
CS491,Introduction to CS 31,CS,Prof. If,Engineering Tower,ET-202,Spring,A,Sat,15:00,16:30
CS491,Introduction to CS 31,CS,Prof. If,Engineering Tower,ET-202,Spring,A,Tue,15:00,16:30
CS491,Introduction to CS 31,CS,Prof. If,Engineering Tower,ET-202,Spring,A,Wed,15:00,16:30
CE107,Introduction to CE 32,CE,Prof. Zs,Main Academic Block,MAB-502,Fall,B,Tue,11:00,12:30
CE107,Introduction to CE 32,CE,Prof. Zs,Main Academic Block,MAB-502,Fall,B,Thu,11:00,12:30
CE107,Introduction to CE 32,CE,Prof. Zs,Main Academic Block,MAB-502,Fall,B,Fri,11:00,12:30
Economics126,Introduction to Economics 33,Economics,Prof. Gr,Science Complex,SC-108,Spring,A,Mon,15:00,16:30
Economics126,Introduction to Economics 33,Economics,Prof. Gr,Science Complex,SC-108,Spring,A,Sat,15:00,16:30
EE180,Introduction to EE 34,EE,Prof. Ke,Engineering Tower,ET-105,Fall,C,Sat,11:30,13:00
EE180,Introduction to EE 34,EE,Prof. Ke,Engineering Tower,ET-105,Fall,C,Wed,11:30,13:00
EE180,Introduction to EE 34,EE,Prof. Ke,Engineering Tower,ET-105,Fall,C,Mon,11:30,13:00
Chemistry106,Introduction to Chemistry 35,Chemistry,Prof. Lr,Management Building,MB-502,Fall,B,Fri,10:00,11:00
Chemistry106,Introduction to Chemistry 35,Chemistry,Prof. Lr,Management Building,MB-502,Fall,B,Mon,10:00,11:00
