user_id,name,department,year,enrolled_courses,usual_patterns
u_001,James Snyder,MBA,1,"[""CS491"", ""Chemistry213"", ""CE153"", ""CS150""]","{""Computer Lab B"": {""days"": [""Thu"", ""Wed"", ""Mon"", ""Fri"", ""Sun""], ""usual_time"": ""15:00"", ""duration_min"": 90}, ""Gymnasium"": {""days"": [""Wed"", ""Tue"", ""Sat"", ""Sun""], ""usual_time"": ""06:00"", ""duration_min"": 45}, ""Indoor Sports Complex"": {""days"": [""Wed"", ""Sat"", ""Thu"", ""Mon"", ""Sun""], ""usual_time"": ""19:00"", ""duration_min"": 45}, ""Student Center"": {""days"": [""Thu"", ""Tue"", ""Sat"", ""Mon""], ""usual_time"": ""14:00"", ""duration_min"": 90}}"
u_002,Tracy Hall,ME,1,"[""CE107"", ""CS221"", ""Bio122"", ""ME481"", ""CS150""]","{""Computer Lab B"": {""days"": [""Thu"", ""Mon""], ""usual_time"": ""10:00"", ""duration_min"": 90}, ""Gymnasium"": {""days"": [""Wed"", ""Sun"", ""Thu"", ""Tue""], ""usual_time"": ""19:00"", ""duration_min"": 90}, ""Student Center"": {""days"": [""Sat"", ""Thu"", ""Tue""], ""usual_time"": ""11:00"", ""duration_min"": 60}}"
u_003,Lauren Garrison,MBA,2,"[""EE180"", ""CE153"", ""Bio308"", ""CE461"", ""Physics409"", ""Economics495""]","{""Food Court"": {""days"": [""Wed"", ""Sat"", ""Thu""], ""usual_time"": ""08:30"", ""duration_min"": 45}, ""Indoor Sports Complex"": {""days"": [""Tue"", ""Mon"", ""Wed"", ""Fri""], ""usual_time"": ""06:00"", ""duration_min"": 60}}"
u_004,David Stafford,ME,3,"[""Economics220"", ""Chemistry274"", ""CE461"", ""Economics301""]","{""Indoor Sports Complex"": {""days"": [""Sun"", ""Wed"", ""Fri""], ""usual_time"": ""08:00"", ""duration_min"": 90}, ""Science Library"": {""days"": [""Sun"", ""Wed""], ""usual_time"": ""19:00"", ""duration_min"": 180}, ""Food Court"": {""days"": [""Sat"", ""Fri"", ""Mon"", ""Wed"", ""Sun""], ""usual_time"": ""12:30"", ""duration_min"": 30}, ""Central Cafeteria"": {""days"": [""Mon"", ""Tue"", ""Thu""], ""usual_time"": ""19:00"", ""duration_min"": 45}, ""Gymnasium"": {""days"": [""Fri"", ""Sat"", ""Thu"", ""Tue"", ""Sun""], ""usual_time"": ""18:00"", ""duration_min"": 90}}"
u_005,Tiffany King,Economics,3,"[""Physics409"", ""CS221"", ""CS379"", ""ME453""]","{""Computer Lab A"": {""days"": [""Tue"", ""Sat"", ""Sun""], ""usual_time"": ""10:00"", ""duration_min"": 60}, ""Main Library"": {""days"": [""Sun"", ""Tue"", ""Wed""], ""usual_time"": ""21:00"", ""duration_min"": 120}}"
u_006,Michael Robinson,EE,4,"[""Bio181"", ""Economics220"", ""CS379"", ""Physics409"", ""CE445"", ""CS150""]","{""Central Cafeteria"": {""days"": [""Sun"", ""Fri""], ""usual_time"": ""08:30"", ""duration_min"": 45}, ""Computer Lab B"": {""days"": [""Sat"", ""Mon"", ""Thu"", ""Wed"", ""Sun""], ""usual_time"": ""11:00"", ""duration_min"": 45}, ""Gymnasium"": {""days"": [""Sat"", ""Tue"", ""Fri""], ""usual_time"": ""08:00"", ""duration_min"": 60}}"
u_007,Valerie Bennett,Economics,1,"[""Economics301"", ""Physics234"", ""Economics360"", ""ME453"", ""Chemistry320"", ""Bio350""]","{""Science Library"": {""days"": [""Thu"", ""Fri""], ""usual_time"": ""16:00"", ""duration_min"": 90}, ""Computer Lab A"": {""days"": [""Wed"", ""Thu"", ""Mon""], ""usual_time"": ""16:00"", ""duration_min"": 90}, ""Gymnasium"": {""days"": [""Wed"", ""Sat"", ""Fri"", ""Mon"", ""Tue""], ""usual_time"": ""19:00"", ""duration_min"": 45}}"
u_008,Gary Armstrong,Math,1,"[""Chemistry320"", ""Physics341"", ""CE445"", ""ME163"", ""Physics409""]","{""Gymnasium"": {""days"": [""Fri"", ""Sat"", ""Sun""], ""usual_time"": ""08:00"", ""duration_min"": 60}, ""Main Library"": {""days"": [""Tue"", ""Sun"", ""Mon"", ""Fri"", ""Wed""], ""usual_time"": ""17:00"", ""duration_min"": 120}, ""Computer Lab A"": {""days"": [""Tue"", ""Mon"", ""Sun"", ""Thu""], ""usual_time"": ""15:00"", ""duration_min"": 45}}"
u_009,William Thomas,CS,3,"[""Economics126"", ""Physics234"", ""CS379"", ""Chemistry320""]","{""Student Center"": {""days"": [""Tue"", ""Thu"", ""Mon"", ""Wed"", ""Sat""], ""usual_time"": ""14:00"", ""duration_min"": 90}, ""Computer Lab A"": {""days"": [""Fri"", ""Tue""], ""usual_time"": ""16:00"", ""duration_min"": 90}, ""Main Library"": {""days"": [""Sat"", ""Fri"", ""Wed"", ""Tue""], ""usual_time"": ""21:00"", ""duration_min"": 60}}"
u_010,Donald Bright,CE,4,"[""Economics126"", ""Economics360"", ""Physics341"", ""CE461"", ""Chemistry320"", ""ME386""]","{""Main Library"": {""days"": [""Tue"", ""Fri"", ""Sun"", ""Mon""], ""usual_time"": ""18:00"", ""duration_min"": 120}, ""Science Library"": {""days"": [""Thu"", ""Sat""], ""usual_time"": ""16:00"", ""duration_min"": 120}, ""Student Center"": {""days"": [""Sat"", ""Wed""], ""usual_time"": ""13:00"", ""duration_min"": 90}}"
u_011,Robert Hill,EE,1,"[""CS150"", ""Bio350"", ""Economics360"", ""Bio181"", ""Economics126""]","{""Food Court"": {""days"": [""Sun"", ""Fri"", ""Wed"", ""Thu""], ""usual_time"": ""12:30"", ""duration_min"": 30}, ""Gymnasium"": {""days"": [""Mon"", ""Fri""], ""usual_time"": ""19:00"", ""duration_min"": 90}, ""Computer Lab A"": {""days"": [""Thu"", ""Mon"", ""Fri""], ""usual_time"": ""10:00"", ""duration_min"": 90}, ""Computer Lab B"": {""days"": [""Wed"", ""Thu""], ""usual_time"": ""09:00"", ""duration_min"": 90}}"
u_012,Lisa Drake,CE,2,"[""CS379"", ""CS221"", ""Economics360"", ""ME426""]","{""Computer Lab B"": {""days"": [""Fri"", ""Mon""], ""usual_time"": ""09:00"", ""duration_min"": 45}, ""Student Center"": {""days"": [""Thu"", ""Mon"", ""Sat"", ""Tue"", ""Sun""], ""usual_time"": ""11:00"", ""duration_min"": 60}}"
u_013,Roberto Black MD,Physics,3,"[""CS491"", ""Bio308"", ""ME453"", ""Economics360"", ""Economics495"", ""CE410""]","{""Student Center"": {""days"": [""Mon"", ""Sun""], ""usual_time"": ""11:00"", ""duration_min"": 45}, ""Central Cafeteria"": {""days"": [""Mon"", ""Sun""], ""usual_time"": ""08:30"", ""duration_min"": 30}, ""Computer Lab B"": {""days"": [""Sun"", ""Fri"", ""Tue"", ""Wed""], ""usual_time"": ""14:00"", ""duration_min"": 60}}"
u_014,Charles Rios,ME,3,"[""Economics360"", ""Chemistry320"", ""Bio181"", ""CE445"", ""CE410"", ""ME386""]","{""Central Cafeteria"": {""days"": [""Sat"", ""Thu"", ""Mon"", ""Sun"", ""Fri""], ""usual_time"": ""08:30"", ""duration_min"": 30}, ""Student Center"": {""days"": [""Sun"", ""Mon""], ""usual_time"": ""10:00"", ""duration_min"": 60}, ""Gymnasium"": {""days"": [""Mon"", ""Tue"", ""Wed""], ""usual_time"": ""07:00"", ""duration_min"": 60}}"
u_015,George Gross,EE,1,"[""Economics495"", ""CE107"", ""Economics126"", ""CE461"", ""ME481""]","{""Science Library"": {""days"": [""Mon"", ""Fri"", ""Tue""], ""usual_time"": ""21:00"", ""duration_min"": 120}, ""Computer Lab A"": {""days"": [""Thu"", ""Fri""], ""usual_time"": ""09:00"", ""duration_min"": 60}}"
u_016,Natalie Butler,ME,2,"[""Bio181"", ""Chemistry274"", ""ME163"", ""Chemistry213"", ""ME426""]","{""Computer Lab A"": {""days"": [""Sun"", ""Fri"", ""Thu"", ""Wed""], ""usual_time"": ""14:00"", ""duration_min"": 45}, ""Computer Lab B"": {""days"": [""Sat"", ""Sun""], ""usual_time"": ""11:00"", ""duration_min"": 45}}"
u_017,Marvin Weber,Math,4,"[""EE180"", ""Economics162"", ""Economics301"", ""CS379"", ""Bio122""]","{""Student Center"": {""days"": [""Wed"", ""Sat"", ""Tue"", ""Thu"", ""Mon""], ""usual_time"": ""12:00"", ""duration_min"": 90}, ""Gymnasium"": {""days"": [""Thu"", ""Mon"", ""Fri"", ""Wed"", ""Sat""], ""usual_time"": ""08:00"", ""duration_min"": 60}, ""Main Library"": {""days"": [""Mon"", ""Sun"", ""Wed"", ""Fri"", ""Thu""], ""usual_time"": ""16:00"", ""duration_min"": 180}, ""Indoor Sports Complex"": {""days"": [""Thu"", ""Sun"", ""Wed""], ""usual_time"": ""19:00"", ""duration_min"": 45}, ""Food Court"": {""days"": [""Fri"", ""Sat"", ""Sun""], ""usual_time"": ""12:30"", ""duration_min"": 45}}"
u_018,Amy Martinez,Physics,2,"[""Bio308"", ""ME481"", ""Chemistry106"", ""Chemistry274"", ""CS464""]","{""Computer Lab B"": {""days"": [""Fri"", ""Wed"", ""Tue""], ""usual_time"": ""15:00"", ""duration_min"": 60}, ""Main Library"": {""days"": [""Mon"", ""Wed""], ""usual_time"": ""16:00"", ""duration_min"": 120}, ""Computer Lab A"": {""days"": [""Tue"", ""Sun"", ""Wed"", ""Sat"", ""Thu""], ""usual_time"": ""15:00"", ""duration_min"": 45}, ""Gymnasium"": {""days"": [""Tue"", ""Wed"", ""Thu"", ""Fri""], ""usual_time"": ""06:00"", ""duration_min"": 45}, ""Science Library"": {""days"": [""Sat"", ""Thu"", ""Mon""], ""usual_time"": ""21:00"", ""duration_min"": 180}}"
u_019,Connor Martinez,MBA,3,"[""CE153"", ""Physics234"", ""Economics333"", ""Economics301""]","{""Gymnasium"": {""days"": [""Mon"", ""Thu"", ""Sun"", ""Sat""], ""usual_time"": ""08:00"", ""duration_min"": 45}, ""Computer Lab B"": {""days"": [""Sun"", ""Fri"", ""Thu"", ""Tue""], ""usual_time"": ""14:00"", ""duration_min"": 45}, ""Central Cafeteria"": {""days"": [""Sun"", ""Tue""], ""usual_time"": ""19:00"", ""duration_min"": 45}, ""Science Library"": {""days"": [""Tue"", ""Sat"", ""Fri"", ""Sun"", ""Wed""], ""usual_time"": ""19:00"", ""duration_min"": 180}}"
u_020,Gregory Bennett,ME,2,"[""Economics360"", ""Bio181"", ""CE445"", ""Economics162"", ""Chemistry106""]","{""Food Court"": {""days"": [""Mon"", ""Fri"", ""Wed"", ""Thu""], ""usual_time"": ""08:30"", ""duration_min"": 60}, ""Indoor Sports Complex"": {""days"": [""Tue"", ""Wed""], ""usual_time"": ""19:00"", ""duration_min"": 60}, ""Central Cafeteria"": {""days"": [""Mon"", ""Tue"", ""Sun"", ""Fri"", ""Sat""], ""usual_time"": ""19:00"", ""duration_min"": 30}}"
u_021,Gary Rosales,EE,3,"[""CS491"", ""Economics333"", ""Physics409"", ""Bio181""]","{""Food Court"": {""days"": [""Wed"", ""Thu"", ""Mon"", ""Sat""], ""usual_time"": ""08:30"", ""duration_min"": 60}, ""Main Library"": {""days"": [""Sun"", ""Sat"", ""Fri"", ""Mon""], ""usual_time"": ""18:00"", ""duration_min"": 60}, ""Student Center"": {""days"": [""Wed"", ""Thu"", ""Mon"", ""Sat"", ""Sun""], ""usual_time"": ""10:00"", ""duration_min"": 45}, ""Gymnasium"": {""days"": [""Tue"", ""Fri""], ""usual_time"": ""17:00"", ""duration_min"": 90}}"
u_022,Sonya Williams,CS,3,"[""CE410"", ""Economics301"", ""Bio122"", ""Economics360""]","{""Indoor Sports Complex"": {""days"": [""Sun"", ""Sat"", ""Thu""], ""usual_time"": ""17:00"", ""duration_min"": 45}, ""Central Cafeteria"": {""days"": [""Sun"", ""Wed"", ""Tue""], ""usual_time"": ""19:00"", ""duration_min"": 60}, ""Main Library"": {""days"": [""Mon"", ""Wed"", ""Sat"", ""Tue""], ""usual_time"": ""19:00"", ""duration_min"": 180}}"
u_023,Russell Lewis,Economics,1,"[""CS150"", ""ME163"", ""CS464"", ""CS379"", ""CS491"", ""CE461""]","{""Computer Lab B"": {""days"": [""Sun"", ""Fri""], ""usual_time"": ""09:00"", ""duration_min"": 45}, ""Indoor Sports Complex"": {""days"": [""Fri"", ""Thu"", ""Sun"", ""Wed""], ""usual_time"": ""20:00"", ""duration_min"": 60}, ""Gymnasium"": {""days"": [""Sat"", ""Mon"", ""Tue"", ""Sun""], ""usual_time"": ""19:00"", ""duration_min"": 90}, ""Computer Lab A"": {""days"": [""Sun"", ""Tue""], ""usual_time"": ""12:00"", ""duration_min"": 60}, ""Central Cafeteria"": {""days"": [""Sun"", ""Tue"", ""Sat"", ""Thu""], ""usual_time"": ""19:00"", ""duration_min"": 45}}"
u_024,Malik Hansen,CE,4,"[""Economics495"", ""CS150"", ""Bio308"", ""Economics162"", ""CS491"", ""CE107""]","{""Computer Lab A"": {""days"": [""Wed"", ""Sat"", ""Fri""], ""usual_time"": ""15:00"", ""duration_min"": 60}, ""Indoor Sports Complex"": {""days"": [""Wed"", ""Tue"", ""Thu""], ""usual_time"": ""18:00"", ""duration_min"": 90}}"
u_025,Robert Moore,EE,3,"[""CE461"", ""Chemistry106"", ""Chemistry213"", ""Economics360"", ""Economics126"", ""Economics333""]","{""Gymnasium"": {""days"": [""Wed"", ""Sun""], ""usual_time"": ""19:00"", ""duration_min"": 90}, ""Computer Lab A"": {""days"": [""Mon"", ""Wed""], ""usual_time"": ""16:00"", ""duration_min"": 90}, ""Computer Lab B"": {""days"": [""Fri"", ""Sat"", ""Wed""], ""usual_time"": ""16:00"", ""duration_min"": 60}, ""Food Court"": {""days"": [""Thu"", ""Mon"", ""Sun"", ""Fri""], ""usual_time"": ""12:30"", ""duration_min"": 60}}"
u_026,Timothy Barnes,CS,1,"[""ME386"", ""Chemistry320"", ""ME163"", ""Economics126"", ""CE410"", ""CS221""]","{""Science Library"": {""days"": [""Mon"", ""Sun"", ""Wed""], ""usual_time"": ""19:00"", ""duration_min"": 90}, ""Central Cafeteria"": {""days"": [""Mon"", ""Thu""], ""usual_time"": ""19:00"", ""duration_min"": 30}, ""Food Court"": {""days"": [""Sat"", ""Mon""], ""usual_time"": ""12:30"", ""duration_min"": 30}, ""Computer Lab B"": {""days"": [""Mon"", ""Wed"", ""Thu"", ""Tue"", ""Fri""], ""usual_time"": ""16:00"", ""duration_min"": 90}}"
u_027,Michael Evans,Economics,4,"[""Economics301"", ""EE180"", ""ME453"", ""Physics409"", ""Economics360"", ""Economics162""]","{""Science Library"": {""days"": [""Sun"", ""Sat"", ""Mon"", ""Wed"", ""Fri""], ""usual_time"": ""18:00"", ""duration_min"": 90}, ""Computer Lab A"": {""days"": [""Tue"", ""Sun"", ""Wed"", ""Fri""], ""usual_time"": ""10:00"", ""duration_min"": 90}, ""Indoor Sports Complex"": {""days"": [""Thu"", ""Sun"", ""Tue"", ""Fri""], ""usual_time"": ""17:00"", ""duration_min"": 45}}"
u_028,Andrew Miller,ME,1,"[""Chemistry213"", ""Bio350"", ""ME453"", ""Chemistry106"", ""CE153"", ""CE107""]","{""Food Court"": {""days"": [""Wed"", ""Tue"", ""Mon""], ""usual_time"": ""08:30"", ""duration_min"": 60}, ""Computer Lab A"": {""days"": [""Mon"", ""Fri""], ""usual_time"": ""12:00"", ""duration_min"": 60}}"
u_029,Nicole Diaz,Math,4,"[""CE153"", ""Chemistry320"", ""Economics301"", ""ME163""]","{""Gymnasium"": {""days"": [""Tue"", ""Fri"", ""Sat"", ""Wed""], ""usual_time"": ""06:00"", ""duration_min"": 60}, ""Main Library"": {""days"": [""Wed"", ""Thu""], ""usual_time"": ""20:00"", ""duration_min"": 90}, ""Indoor Sports Complex"": {""days"": [""Sat"", ""Thu"", ""Wed"", ""Fri"", ""Sun""], ""usual_time"": ""08:00"", ""duration_min"": 90}, ""Computer Lab A"": {""days"": [""Sun"", ""Tue"", ""Sat"", ""Thu"", ""Wed""], ""usual_time"": ""11:00"", ""duration_min"": 45}, ""Science Library"": {""days"": [""Wed"", ""Thu""], ""usual_time"": ""16:00"", ""duration_min"": 90}}"
u_030,Marie Morales,EE,4,"[""CS379"", ""ME453"", ""Bio122"", ""Chemistry213""]","{""Computer Lab B"": {""days"": [""Fri"", ""Wed""], ""usual_time"": ""16:00"", ""duration_min"": 90}, ""Indoor Sports Complex"": {""days"": [""Fri"", ""Sun"", ""Mon"", ""Thu"", ""Wed""], ""usual_time"": ""08:00"", ""duration_min"": 60}, ""Science Library"": {""days"": [""Sun"", ""Wed"", ""Sat""], ""usual_time"": ""19:00"", ""duration_min"": 90}}"
u_031,Lisa Fernandez,Physics,1,"[""Chemistry213"", ""Chemistry274"", ""ME453"", ""Economics360"", ""CE445"", ""ME426""]","{""Indoor Sports Complex"": {""days"": [""Wed"", ""Sun"", ""Sat"", ""Tue"", ""Thu""], ""usual_time"": ""08:00"", ""duration_min"": 90}, ""Student Center"": {""days"": [""Tue"", ""Fri""], ""usual_time"": ""13:00"", ""duration_min"": 90}, ""Science Library"": {""days"": [""Sat"", ""Mon"", ""Sun"", ""Fri""], ""usual_time"": ""18:00"", ""duration_min"": 180}}"
u_032,Julia Taylor,MBA,3,"[""ME481"", ""CS464"", ""ME386"", ""Bio122"", ""Physics341""]","{""Computer Lab B"": {""days"": [""Wed"", ""Mon""], ""usual_time"": ""12:00"", ""duration_min"": 45}, ""Central Cafeteria"": {""days"": [""Sat"", ""Thu"", ""Wed""], ""usual_time"": ""12:30"", ""duration_min"": 60}, ""Indoor Sports Complex"": {""days"": [""Mon"", ""Sun"", ""Wed"", ""Sat"", ""Fri""], ""usual_time"": ""18:00"", ""duration_min"": 60}, ""Gymnasium"": {""days"": [""Mon"", ""Sat"", ""Wed"", ""Sun"", ""Fri""], ""usual_time"": ""06:00"", ""duration_min"": 90}}"
u_033,Dennis Lawson,MBA,2,"[""CE445"", ""Economics333"", ""Physics341"", ""Economics301"", ""Bio181""]","{""Gymnasium"": {""days"": [""Tue"", ""Sat"", ""Wed""], ""usual_time"": ""18:00"", ""duration_min"": 60}, ""Computer Lab B"": {""days"": [""Mon"", ""Tue"", ""Fri"", ""Thu"", ""Wed""], ""usual_time"": ""13:00"", ""duration_min"": 90}, ""Indoor Sports Complex"": {""days"": [""Sun"", ""Thu"", ""Fri""], ""usual_time"": ""17:00"", ""duration_min"": 90}, ""Student Center"": {""days"": [""Tue"", ""Thu""], ""usual_time"": ""16:00"", ""duration_min"": 90}}"
u_034,Michelle Barton,Chemistry,2,"[""CS464"", ""Economics126"", ""CS379"", ""CE153""]","{""Science Library"": {""days"": [""Sun"", ""Tue"", ""Mon"", ""Wed"", ""Sat""], ""usual_time"": ""19:00"", ""duration_min"": 90}, ""Central Cafeteria"": {""days"": [""Fri"", ""Wed"", ""Tue""], ""usual_time"": ""08:30"", ""duration_min"": 30}, ""Indoor Sports Complex"": {""days"": [""Sat"", ""Tue"", ""Fri"", ""Wed""], ""usual_time"": ""18:00"", ""duration_min"": 90}, ""Main Library"": {""days"": [""Mon"", ""Thu"", ""Tue"", ""Fri""], ""usual_time"": ""20:00"", ""duration_min"": 180}}"
u_035,Michael Miller,Bio,4,"[""Bio181"", ""ME481"", ""CS150"", ""Chemistry320"", ""Chemistry213""]","{""Science Library"": {""days"": [""Mon"", ""Wed"", ""Sun""], ""usual_time"": ""19:00"", ""duration_min"": 180}, ""Student Center"": {""days"": [""Thu"", ""Sun"", ""Mon""], ""usual_time"": ""10:00"", ""duration_min"": 45}}"
u_036,Mark Erickson,Physics,3,"[""Chemistry106"", ""Economics220"", ""Economics301"", ""Economics162"", ""Bio122""]","{""Food Court"": {""days"": [""Sat"", ""Thu""], ""usual_time"": ""19:00"", ""duration_min"": 60}, ""Main Library"": {""days"": [""Thu"", ""Tue""], ""usual_time"": ""16:00"", ""duration_min"": 180}, ""Student Center"": {""days"": [""Sun"", ""Sat"", ""Wed"", ""Fri"", ""Thu""], ""usual_time"": ""14:00"", ""duration_min"": 45}, ""Central Cafeteria"": {""days"": [""Fri"", ""Sun"", ""Wed"", ""Sat""], ""usual_time"": ""08:30"", ""duration_min"": 30}}"
u_037,Anthony Weiss,CE,1,"[""Economics220"", ""CS464"", ""Chemistry274"", ""Physics341"", ""CS491""]","{""Main Library"": {""days"": [""Fri"", ""Sun"", ""Tue"", ""Wed""], ""usual_time"": ""17:00"", ""duration_min"": 60}, ""Gymnasium"": {""days"": [""Fri"", ""Sun"", ""Wed"", ""Tue""], ""usual_time"": ""19:00"", ""duration_min"": 90}}"
u_038,Spencer Roman,Economics,2,"[""Chemistry106"", ""Physics234"", ""Bio181"", ""CS221""]","{""Science Library"": {""days"": [""Tue"", ""Sat""], ""usual_time"": ""16:00"", ""duration_min"": 180}, ""Gymnasium"": {""days"": [""Sun"", ""Wed"", ""Fri"", ""Mon"", ""Tue""], ""usual_time"": ""19:00"", ""duration_min"": 60}, ""Computer Lab A"": {""days"": [""Mon"", ""Sun"", ""Sat"", ""Fri""], ""usual_time"": ""11:00"", ""duration_min"": 45}, ""Food Court"": {""days"": [""Wed"", ""Fri"", ""Sun"", ""Thu""], ""usual_time"": ""19:00"", ""duration_min"": 60}}"
u_039,Anthony Sanders,EE,4,"[""ME426"", ""CS464"", ""CS379"", ""Bio308"", ""ME453"", ""EE180""]","{""Main Library"": {""days"": [""Fri"", ""Wed"", ""Thu"", ""Sat"", ""Tue""], ""usual_time"": ""16:00"", ""duration_min"": 90}, ""Gymnasium"": {""days"": [""Thu"", ""Sat""], ""usual_time"": ""18:00"", ""duration_min"": 45}, ""Science Library"": {""days"": [""Tue"", ""Thu""], ""usual_time"": ""17:00"", ""duration_min"": 180}, ""Food Court"": {""days"": [""Mon"", ""Fri"", ""Tue""], ""usual_time"": ""08:30"", ""duration_min"": 30}, ""Student Center"": {""days"": [""Sun"", ""Wed""], ""usual_time"": ""14:00"", ""duration_min"": 90}}"
u_040,Michael Alvarado,CS,4,"[""CS491"", ""CE410"", ""Chemistry213"", ""Bio122"", ""ME481""]","{""Student Center"": {""days"": [""Mon"", ""Thu"", ""Fri""], ""usual_time"": ""10:00"", ""duration_min"": 45}, ""Gymnasium"": {""days"": [""Sat"", ""Tue"", ""Thu"", ""Fri""], ""usual_time"": ""18:00"", ""duration_min"": 60}, ""Main Library"": {""days"": [""Mon"", ""Thu""], ""usual_time"": ""20:00"", ""duration_min"": 120}, ""Indoor Sports Complex"": {""days"": [""Thu"", ""Tue"", ""Sat"", ""Sun""], ""usual_time"": ""18:00"", ""duration_min"": 60}, ""Computer Lab A"": {""days"": [""Mon"", ""Sun"", ""Fri"", ""Wed"", ""Sat""], ""usual_time"": ""14:00"", ""duration_min"": 90}}"
u_041,Caroline Foster,Physics,4,"[""Economics495"", ""CS464"", ""ME426"", ""CS379"", ""Physics341"", ""CE410""]","{""Indoor Sports Complex"": {""days"": [""Wed"", ""Mon"", ""Sun"", ""Thu""], ""usual_time"": ""06:00"", ""duration_min"": 60}, ""Computer Lab B"": {""days"": [""Wed"", ""Thu"", ""Sat""], ""usual_time"": ""09:00"", ""duration_min"": 45}, ""Main Library"": {""days"": [""Wed"", ""Sat"", ""Sun"", ""Tue""], ""usual_time"": ""20:00"", ""duration_min"": 90}, ""Food Court"": {""days"": [""Mon"", ""Wed"", ""Tue""], ""usual_time"": ""19:00"", ""duration_min"": 60}, ""Computer Lab A"": {""days"": [""Sat"", ""Fri"", ""Sun"", ""Wed"", ""Thu""], ""usual_time"": ""15:00"", ""duration_min"": 60}}"
u_042,Nathaniel Sanchez,Bio,1,"[""Economics126"", ""Physics341"", ""CS150"", ""CE153"", ""Chemistry274"", ""CE107""]","{""Indoor Sports Complex"": {""days"": [""Tue"", ""Mon"", ""Wed"", ""Sun""], ""usual_time"": ""19:00"", ""duration_min"": 45}, ""Food Court"": {""days"": [""Sat"", ""Tue"", ""Thu""], ""usual_time"": ""19:00"", ""duration_min"": 45}, ""Student Center"": {""days"": [""Sun"", ""Mon""], ""usual_time"": ""11:00"", ""duration_min"": 90}, ""Science Library"": {""days"": [""Sun"", ""Sat"", ""Wed""], ""usual_time"": ""18:00"", ""duration_min"": 90}}"
u_043,Angela Reed,Math,2,"[""CS464"", ""Physics409"", ""CE107"", ""EE180"", ""Bio308"", ""CS379""]","{""Computer Lab B"": {""days"": [""Sun"", ""Thu"", ""Sat"", ""Wed""], ""usual_time"": ""10:00"", ""duration_min"": 45}, ""Science Library"": {""days"": [""Thu"", ""Wed"", ""Fri""], ""usual_time"": ""18:00"", ""duration_min"": 180}, ""Main Library"": {""days"": [""Sat"", ""Wed"", ""Mon""], ""usual_time"": ""21:00"", ""duration_min"": 120}}"
u_044,Joanne Chen,Math,4,"[""ME163"", ""CS221"", ""ME453"", ""Bio181"", ""Economics220""]","{""Indoor Sports Complex"": {""days"": [""Thu"", ""Sun"", ""Sat""], ""usual_time"": ""17:00"", ""duration_min"": 60}, ""Student Center"": {""days"": [""Wed"", ""Sat""], ""usual_time"": ""14:00"", ""duration_min"": 45}}"
u_045,Angela Nguyen,ME,1,"[""Economics360"", ""EE180"", ""CS379"", ""Economics301""]","{""Gymnasium"": {""days"": [""Sun"", ""Thu"", ""Sat""], ""usual_time"": ""08:00"", ""duration_min"": 45}, ""Main Library"": {""days"": [""Sat"", ""Fri"", ""Tue"", ""Sun""], ""usual_time"": ""19:00"", ""duration_min"": 120}, ""Indoor Sports Complex"": {""days"": [""Sat"", ""Tue"", ""Thu"", ""Sun""], ""usual_time"": ""07:00"", ""duration_min"": 60}}"
u_046,Jesse Dyer,Chemistry,4,"[""Economics495"", ""Bio308"", ""Bio350"", ""Chemistry274"", ""Economics126"", ""ME453""]","{""Computer Lab B"": {""days"": [""Sat"", ""Mon"", ""Fri"", ""Tue"", ""Wed""], ""usual_time"": ""10:00"", ""duration_min"": 90}, ""Main Library"": {""days"": [""Wed"", ""Mon"", ""Fri"", ""Sun""], ""usual_time"": ""21:00"", ""duration_min"": 60}, ""Gymnasium"": {""days"": [""Mon"", ""Sat"", ""Wed"", ""Tue""], ""usual_time"": ""06:00"", ""duration_min"": 60}, ""Central Cafeteria"": {""days"": [""Mon"", ""Wed""], ""usual_time"": ""08:30"", ""duration_min"": 60}}"
u_047,Mary Bruce,EE,4,"[""CE153"", ""CE445"", ""Chemistry213"", ""CS491"", ""Economics126"", ""Bio181""]","{""Central Cafeteria"": {""days"": [""Sun"", ""Wed"", ""Fri"", ""Tue"", ""Mon""], ""usual_time"": ""12:30"", ""duration_min"": 60}, ""Computer Lab A"": {""days"": [""Sun"", ""Thu""], ""usual_time"": ""15:00"", ""duration_min"": 45}, ""Student Center"": {""days"": [""Tue"", ""Mon"", ""Thu""], ""usual_time"": ""11:00"", ""duration_min"": 45}}"
u_048,Kristen Oconnell DDS,MBA,4,"[""CE107"", ""CS221"", ""CE410"", ""ME481"", ""Bio308""]","{""Indoor Sports Complex"": {""days"": [""Mon"", ""Thu"", ""Sun""], ""usual_time"": ""07:00"", ""duration_min"": 60}, ""Student Center"": {""days"": [""Fri"", ""Wed"", ""Tue"", ""Thu"", ""Sun""], ""usual_time"": ""16:00"", ""duration_min"": 60}, ""Gymnasium"": {""days"": [""Sat"", ""Mon"", ""Tue"", ""Thu"", ""Fri""], ""usual_time"": ""20:00"", ""duration_min"": 45}, ""Main Library"": {""days"": [""Fri"", ""Wed""], ""usual_time"": ""21:00"", ""duration_min"": 90}, ""Science Library"": {""days"": [""Wed"", ""Sat"", ""Fri"", ""Sun"", ""Tue""], ""usual_time"": ""19:00"", ""duration_min"": 120}}"
u_049,Donald Brooks,CE,1,"[""CE153"", ""CS464"", ""Economics220"", ""CS221"", ""Bio181""]","{""Central Cafeteria"": {""days"": [""Thu"", ""Fri"", ""Mon"", ""Tue"", ""Sun""], ""usual_time"": ""19:00"", ""duration_min"": 45}, ""Indoor Sports Complex"": {""days"": [""Thu"", ""Tue""], ""usual_time"": ""07:00"", ""duration_min"": 90}, ""Computer Lab A"": {""days"": [""Wed"", ""Fri"", ""Thu"", ""Sat""], ""usual_time"": ""16:00"", ""duration_min"": 60}, ""Science Library"": {""days"": [""Sun"", ""Tue"", ""Mon"", ""Thu"", ""Fri""], ""usual_time"": ""19:00"", ""duration_min"": 120}, ""Main Library"": {""days"": [""Tue"", ""Sun"", ""Thu"", ""Fri"", ""Wed""], ""usual_time"": ""19:00"", ""duration_min"": 120}}"
u_050,Matthew Benjamin,Math,1,"[""CS464"", ""Physics234"", ""Chemistry213"", ""CE445"", ""CE461""]","{""Gymnasium"": {""days"": [""Sat"", ""Sun"", ""Thu""], ""usual_time"": ""07:00"", ""duration_min"": 60}, ""Indoor Sports Complex"": {""days"": [""Thu"", ""Sat"", ""Fri"", ""Wed""], ""usual_time"": ""08:00"", ""duration_min"": 60}, ""Central Cafeteria"": {""days"": [""Tue"", ""Mon"", ""Sun""], ""usual_time"": ""19:00"", ""duration_min"": 60}}"
u_051,Melissa Morris,Bio,2,"[""Economics360"", ""ME481"", ""Economics162"", ""Bio308"", ""Physics341""]","{""Main Library"": {""days"": [""Sat"", ""Tue"", ""Sun"", ""Thu"", ""Wed""], ""usual_time"": ""21:00"", ""duration_min"": 180}, ""Science Library"": {""days"": [""Thu"", ""Tue"", ""Sat"", ""Wed"", ""Sun""], ""usual_time"": ""17:00"", ""duration_min"": 180}, ""Indoor Sports Complex"": {""days"": [""Sat"", ""Mon"", ""Wed""], ""usual_time"": ""18:00"", ""duration_min"": 60}}"
u_052,Sonya Scott,MBA,2,"[""Physics409"", ""ME163"", ""Chemistry106"", ""Economics220"", ""Physics341""]","{""Main Library"": {""days"": [""Wed"", ""Mon""], ""usual_time"": ""16:00"", ""duration_min"": 60}, ""Indoor Sports Complex"": {""days"": [""Sun"", ""Sat""], ""usual_time"": ""08:00"", ""duration_min"": 45}, ""Gymnasium"": {""days"": [""Fri"", ""Mon""], ""usual_time"": ""20:00"", ""duration_min"": 60}, ""Central Cafeteria"": {""days"": [""Wed"", ""Thu""], ""usual_time"": ""19:00"", ""duration_min"": 45}}"
u_053,Stephanie Williams,EE,1,"[""ME481"", ""Economics301"", ""Economics495"", ""ME163""]","{""Central Cafeteria"": {""days"": [""Sun"", ""Wed"", ""Fri""], ""usual_time"": ""12:30"", ""duration_min"": 45}, ""Gymnasium"": {""days"": [""Sun"", ""Fri"", ""Thu""], ""usual_time"": ""18:00"", ""duration_min"": 90}}"
u_054,Tammy Lynch,CE,1,"[""CE107"", ""Physics234"", ""CS491"", ""ME453"", ""ME386"", ""CS464""]","{""Main Library"": {""days"": [""Wed"", ""Thu"", ""Mon""], ""usual_time"": ""17:00"", ""duration_min"": 60}, ""Food Court"": {""days"": [""Sun"", ""Thu"", ""Sat""], ""usual_time"": ""19:00"", ""duration_min"": 60}, ""Student Center"": {""days"": [""Sun"", ""Tue"", ""Mon""], ""usual_time"": ""11:00"", ""duration_min"": 45}, ""Central Cafeteria"": {""days"": [""Sat"", ""Sun"", ""Thu"", ""Tue"", ""Fri""], ""usual_time"": ""19:00"", ""duration_min"": 45}}"
u_055,Heather Miller,ME,4,"[""Economics126"", ""Economics220"", ""Bio181"", ""CE410"", ""Chemistry320""]","{""Central Cafeteria"": {""days"": [""Tue"", ""Mon""], ""usual_time"": ""12:30"", ""duration_min"": 60}, ""Food Court"": {""days"": [""Thu"", ""Sun"", ""Fri"", ""Tue"", ""Wed""], ""usual_time"": ""19:00"", ""duration_min"": 30}, ""Gymnasium"": {""days"": [""Thu"", ""Mon"", ""Wed"", ""Sat"", ""Tue""], ""usual_time"": ""19:00"", ""duration_min"": 60}}"
u_056,Lee Brown,Economics,4,"[""Chemistry213"", ""Economics301"", ""Physics409"", ""ME163"", ""CS221""]","{""Student Center"": {""days"": [""Fri"", ""Wed"", ""Sat""], ""usual_time"": ""16:00"", ""duration_min"": 90}, ""Central Cafeteria"": {""days"": [""Wed"", ""Mon"", ""Sun"", ""Tue""], ""usual_time"": ""08:30"", ""duration_min"": 30}}"
u_057,Megan Ward,Math,4,"[""CS464"", ""Chemistry274"", ""Chemistry106"", ""CE461""]","{""Indoor Sports Complex"": {""days"": [""Sat"", ""Fri""], ""usual_time"": ""07:00"", ""duration_min"": 60}, ""Gymnasium"": {""days"": [""Mon"", ""Sun"", ""Wed"", ""Sat""], ""usual_time"": ""19:00"", ""duration_min"": 60}}"
u_058,Kenneth Ferrell,Physics,2,"[""Bio122"", ""ME163"", ""CE461"", ""Bio308"", ""Physics409""]","{""Science Library"": {""days"": [""Tue"", ""Fri"", ""Sun"", ""Sat"", ""Thu""], ""usual_time"": ""17:00"", ""duration_min"": 60}, ""Computer Lab B"": {""days"": [""Fri"", ""Thu"", ""Wed"", ""Sat""], ""usual_time"": ""15:00"", ""duration_min"": 45}, ""Food Court"": {""days"": [""Mon"", ""Sun"", ""Thu"", ""Tue""], ""usual_time"": ""19:00"", ""duration_min"": 45}, ""Gymnasium"": {""days"": [""Sun"", ""Fri""], ""usual_time"": ""19:00"", ""duration_min"": 60}}"
u_059,Stephanie Bailey,Bio,2,"[""Bio122"", ""Economics220"", ""Economics301"", ""Physics234"", ""Bio308""]","{""Food Court"": {""days"": [""Mon"", ""Tue"", ""Fri""], ""usual_time"": ""19:00"", ""duration_min"": 45}, ""Main Library"": {""days"": [""Mon"", ""Wed""], ""usual_time"": ""19:00"", ""duration_min"": 60}, ""Central Cafeteria"": {""days"": [""Mon"", ""Thu""], ""usual_time"": ""12:30"", ""duration_min"": 30}}"
u_060,Lawrence Everett,EE,4,"[""CS221"", ""Economics301"", ""Chemistry320"", ""CE107"", ""Economics126""]","{""Indoor Sports Complex"": {""days"": [""Fri"", ""Tue"", ""Sat""], ""usual_time"": ""07:00"", ""duration_min"": 60}, ""Food Court"": {""days"": [""Sun"", ""Fri"", ""Sat"", ""Thu""], ""usual_time"": ""12:30"", ""duration_min"": 30}, ""Gymnasium"": {""days"": [""Fri"", ""Tue"", ""Sun"", ""Mon"", ""Sat""], ""usual_time"": ""08:00"", ""duration_min"": 45}}"
u_061,Cynthia Johnson,Physics,2,"[""Physics234"", ""Economics333"", ""Bio350"", ""Chemistry274""]","{""Computer Lab A"": {""days"": [""Sun"", ""Thu"", ""Wed"", ""Sat"", ""Mon""], ""usual_time"": ""14:00"", ""duration_min"": 45}, ""Indoor Sports Complex"": {""days"": [""Wed"", ""Sun""], ""usual_time"": ""07:00"", ""duration_min"": 60}, ""Food Court"": {""days"": [""Thu"", ""Sat""], ""usual_time"": ""19:00"", ""duration_min"": 60}}"
u_062,Heather Cook,CS,3,"[""Physics409"", ""Economics333"", ""CS221"", ""ME163""]","{""Science Library"": {""days"": [""Wed"", ""Tue"", ""Sat""], ""usual_time"": ""20:00"", ""duration_min"": 120}, ""Indoor Sports Complex"": {""days"": [""Sun"", ""Thu"", ""Sat""], ""usual_time"": ""07:00"", ""duration_min"": 90}}"
u_063,Lisa Wong,MBA,3,"[""Economics360"", ""Chemistry320"", ""Bio308"", ""CE410""]","{""Gymnasium"": {""days"": [""Mon"", ""Thu"", ""Wed"", ""Sun""], ""usual_time"": ""06:00"", ""duration_min"": 45}, ""Student Center"": {""days"": [""Sun"", ""Sat"", ""Wed"", ""Tue"", ""Fri""], ""usual_time"": ""16:00"", ""duration_min"": 90}, ""Science Library"": {""days"": [""Sun"", ""Fri"", ""Sat""], ""usual_time"": ""18:00"", ""duration_min"": 120}, ""Central Cafeteria"": {""days"": [""Fri"", ""Thu"", ""Sun"", ""Sat""], ""usual_time"": ""08:30"", ""duration_min"": 30}, ""Computer Lab A"": {""days"": [""Fri"", ""Wed"", ""Sun"", ""Tue"", ""Mon""], ""usual_time"": ""15:00"", ""duration_min"": 90}}"
u_064,Mr. Matthew Quinn Jr.,Physics,4,"[""Chemistry320"", ""CS491"", ""ME426"", ""Economics126""]","{""Student Center"": {""days"": [""Sun"", ""Sat"", ""Tue""], ""usual_time"": ""14:00"", ""duration_min"": 60}, ""Main Library"": {""days"": [""Sun"", ""Tue""], ""usual_time"": ""19:00"", ""duration_min"": 60}, ""Central Cafeteria"": {""days"": [""Wed"", ""Thu"", ""Sun"", ""Tue"", ""Sat""], ""usual_time"": ""19:00"", ""duration_min"": 60}}"
u_065,Matthew Holland,Chemistry,1,"[""Economics220"", ""CS221"", ""Economics126"", ""ME386""]","{""Gymnasium"": {""days"": [""Sun"", ""Fri""], ""usual_time"": ""07:00"", ""duration_min"": 60}, ""Student Center"": {""days"": [""Sun"", ""Mon"", ""Wed"", ""Fri"", ""Sat""], ""usual_time"": ""14:00"", ""duration_min"": 45}, ""Computer Lab B"": {""days"": [""Wed"", ""Fri"", ""Mon""], ""usual_time"": ""09:00"", ""duration_min"": 45}, ""Main Library"": {""days"": [""Tue"", ""Sat"", ""Sun"", ""Thu"", ""Fri""], ""usual_time"": ""19:00"", ""duration_min"": 60}, ""Central Cafeteria"": {""days"": [""Sat"", ""Thu""], ""usual_time"": ""12:30"", ""duration_min"": 60}}"
u_066,Joseph Bates,MBA,2,"[""Bio350"", ""CE461"", ""Chemistry106"", ""CS464""]","{""Computer Lab B"": {""days"": [""Fri"", ""Sat"", ""Tue""], ""usual_time"": ""10:00"", ""duration_min"": 90}, ""Main Library"": {""days"": [""Mon"", ""Tue"", ""Thu"", ""Sat""], ""usual_time"": ""16:00"", ""duration_min"": 60}}"
u_067,Charles Davis,Bio,1,"[""Economics495"", ""CE153"", ""Bio181"", ""CE107"", ""Physics234"", ""Bio122""]","{""Central Cafeteria"": {""days"": [""Tue"", ""Thu"", ""Mon"", ""Sat""], ""usual_time"": ""08:30"", ""duration_min"": 60}, ""Student Center"": {""days"": [""Sun"", ""Thu"", ""Mon"", ""Sat""], ""usual_time"": ""14:00"", ""duration_min"": 45}}"
u_068,Nicholas Brown,MBA,2,"[""Chemistry320"", ""Economics333"", ""CS221"", ""CE461""]","{""Computer Lab B"": {""days"": [""Mon"", ""Thu""], ""usual_time"": ""12:00"", ""duration_min"": 90}, ""Indoor Sports Complex"": {""days"": [""Mon"", ""Fri"", ""Sun"", ""Wed""], ""usual_time"": ""08:00"", ""duration_min"": 90}}"
u_069,Travis Miller,CS,3,"[""ME453"", ""Economics495"", ""CS221"", ""Physics341""]","{""Computer Lab A"": {""days"": [""Tue"", ""Thu"", ""Fri""], ""usual_time"": ""09:00"", ""duration_min"": 45}, ""Central Cafeteria"": {""days"": [""Thu"", ""Sun"", ""Sat""], ""usual_time"": ""08:30"", ""duration_min"": 60}, ""Main Library"": {""days"": [""Fri"", ""Tue"", ""Thu"", ""Mon""], ""usual_time"": ""19:00"", ""duration_min"": 120}, ""Food Court"": {""days"": [""Wed"", ""Tue""], ""usual_time"": ""08:30"", ""duration_min"": 30}}"
u_070,Luis Freeman,Physics,2,"[""Economics126"", ""Economics220"", ""Chemistry320"", ""ME386"", ""CE107""]","{""Main Library"": {""days"": [""Fri"", ""Wed"", ""Mon"", ""Thu"", ""Sat""], ""usual_time"": ""16:00"", ""duration_min"": 60}, ""Computer Lab A"": {""days"": [""Fri"", ""Sun""], ""usual_time"": ""15:00"", ""duration_min"": 60}, ""Central Cafeteria"": {""days"": [""Sun"", ""Sat"", ""Mon"", ""Tue""], ""usual_time"": ""08:30"", ""duration_min"": 45}, ""Student Center"": {""days"": [""Fri"", ""Sat"", ""Thu""], ""usual_time"": ""09:00"", ""duration_min"": 45}, ""Indoor Sports Complex"": {""days"": [""Fri"", ""Sat"", ""Thu"", ""Mon"", ""Sun""], ""usual_time"": ""08:00"", ""duration_min"": 90}}"
u_071,Laurie Jones,EE,3,"[""ME163"", ""Economics126"", ""Bio308"", ""ME386""]","{""Computer Lab A"": {""days"": [""Sat"", ""Fri""], ""usual_time"": ""16:00"", ""duration_min"": 60}, ""Indoor Sports Complex"": {""days"": [""Sun"", ""Sat"", ""Mon"", ""Wed""], ""usual_time"": ""07:00"", ""duration_min"": 45}}"
u_072,Jenny Garcia,EE,4,"[""CE445"", ""ME453"", ""CE410"", ""CE153""]","{""Computer Lab B"": {""days"": [""Sun"", ""Thu"", ""Mon"", ""Tue"", ""Wed""], ""usual_time"": ""13:00"", ""duration_min"": 90}, ""Gymnasium"": {""days"": [""Sun"", ""Tue"", ""Mon""], ""usual_time"": ""06:00"", ""duration_min"": 90}, ""Indoor Sports Complex"": {""days"": [""Fri"", ""Sat""], ""usual_time"": ""18:00"", ""duration_min"": 60}}"
u_073,Chris Cervantes,Math,1,"[""Bio308"", ""ME163"", ""CE461"", ""Physics341"", ""Economics333"", ""CE410""]","{""Computer Lab A"": {""days"": [""Thu"", ""Sun"", ""Mon""], ""usual_time"": ""09:00"", ""duration_min"": 60}, ""Gymnasium"": {""days"": [""Tue"", ""Sun"", ""Thu""], ""usual_time"": ""08:00"", ""duration_min"": 60}, ""Main Library"": {""days"": [""Sun"", ""Mon"", ""Tue""], ""usual_time"": ""18:00"", ""duration_min"": 180}, ""Central Cafeteria"": {""days"": [""Sun"", ""Sat"", ""Thu"", ""Wed"", ""Fri""], ""usual_time"": ""19:00"", ""duration_min"": 60}, ""Student Center"": {""days"": [""Fri"", ""Sat""], ""usual_time"": ""13:00"", ""duration_min"": 60}}"
u_074,Andrew Lin,CE,1,"[""Economics220"", ""ME453"", ""CS491"", ""CS464""]","{""Food Court"": {""days"": [""Thu"", ""Fri"", ""Mon""], ""usual_time"": ""12:30"", ""duration_min"": 30}, ""Computer Lab B"": {""days"": [""Mon"", ""Sat"", ""Thu"", ""Fri""], ""usual_time"": ""09:00"", ""duration_min"": 90}}"
u_075,James Miller,Math,4,"[""Chemistry274"", ""CE461"", ""Physics409"", ""Economics495"", ""Economics360""]","{""Food Court"": {""days"": [""Sat"", ""Fri""], ""usual_time"": ""19:00"", ""duration_min"": 45}, ""Science Library"": {""days"": [""Tue"", ""Wed""], ""usual_time"": ""18:00"", ""duration_min"": 180}, ""Central Cafeteria"": {""days"": [""Tue"", ""Wed""], ""usual_time"": ""08:30"", ""duration_min"": 45}}"
u_076,Cheryl Copeland,Chemistry,3,"[""ME481"", ""Physics234"", ""Chemistry213"", ""Physics341"", ""ME163""]","{""Student Center"": {""days"": [""Thu"", ""Sat"", ""Sun"", ""Tue"", ""Mon""], ""usual_time"": ""10:00"", ""duration_min"": 45}, ""Computer Lab A"": {""days"": [""Thu"", ""Wed"", ""Sun"", ""Mon"", ""Tue""], ""usual_time"": ""14:00"", ""duration_min"": 45}}"
u_077,Ashley Raymond,MBA,3,"[""ME426"", ""CS491"", ""ME163"", ""Bio181""]","{""Main Library"": {""days"": [""Mon"", ""Sat"", ""Wed"", ""Sun"", ""Thu""], ""usual_time"": ""21:00"", ""duration_min"": 180}, ""Science Library"": {""days"": [""Wed"", ""Sat"", ""Fri""], ""usual_time"": ""16:00"", ""duration_min"": 60}}"
u_078,Tonya Allison,CE,3,"[""Bio308"", ""CE153"", ""Physics409"", ""Economics301"", ""CS464"", ""CE410""]","{""Food Court"": {""days"": [""Thu"", ""Wed"", ""Sat"", ""Fri""], ""usual_time"": ""19:00"", ""duration_min"": 30}, ""Indoor Sports Complex"": {""days"": [""Wed"", ""Fri"", ""Thu"", ""Tue""], ""usual_time"": ""19:00"", ""duration_min"": 90}, ""Science Library"": {""days"": [""Sat"", ""Thu"", ""Mon"", ""Wed""], ""usual_time"": ""18:00"", ""duration_min"": 90}, ""Computer Lab B"": {""days"": [""Sun"", ""Sat"", ""Tue""], ""usual_time"": ""10:00"", ""duration_min"": 60}}"
u_079,Jesse Martinez,ME,1,"[""CE461"", ""CE410"", ""CS491"", ""CE445"", ""Physics234""]","{""Computer Lab A"": {""days"": [""Wed"", ""Sun"", ""Thu"", ""Sat"", ""Mon""], ""usual_time"": ""13:00"", ""duration_min"": 45}, ""Main Library"": {""days"": [""Mon"", ""Wed"", ""Sat""], ""usual_time"": ""20:00"", ""duration_min"": 60}}"
u_080,Amy Daugherty,CS,2,"[""Economics162"", ""CE107"", ""CE461"", ""ME386""]","{""Gymnasium"": {""days"": [""Sat"", ""Mon""], ""usual_time"": ""07:00"", ""duration_min"": 45}, ""Central Cafeteria"": {""days"": [""Thu"", ""Wed"", ""Fri"", ""Sat"", ""Mon""], ""usual_time"": ""08:30"", ""duration_min"": 30}}"
u_081,Lauren Fields,Economics,2,"[""Economics360"", ""Bio350"", ""ME453"", ""ME481""]","{""Main Library"": {""days"": [""Mon"", ""Sat"", ""Thu"", ""Fri"", ""Wed""], ""usual_time"": ""19:00"", ""duration_min"": 90}, ""Central Cafeteria"": {""days"": [""Tue"", ""Sat"", ""Sun""], ""usual_time"": ""08:30"", ""duration_min"": 60}, ""Indoor Sports Complex"": {""days"": [""Sat"", ""Thu"", ""Wed""], ""usual_time"": ""19:00"", ""duration_min"": 90}, ""Computer Lab A"": {""days"": [""Thu"", ""Mon"", ""Sat"", ""Wed"", ""Sun""], ""usual_time"": ""13:00"", ""duration_min"": 90}}"
u_082,Angela Dougherty,Economics,1,"[""Economics333"", ""Economics220"", ""EE180"", ""Economics126"", ""ME453"", ""Physics341""]","{""Gymnasium"": {""days"": [""Tue"", ""Sat"", ""Fri""], ""usual_time"": ""17:00"", ""duration_min"": 90}, ""Food Court"": {""days"": [""Thu"", ""Tue"", ""Sun""], ""usual_time"": ""08:30"", ""duration_min"": 60}, ""Computer Lab B"": {""days"": [""Sun"", ""Wed"", ""Thu""], ""usual_time"": ""12:00"", ""duration_min"": 45}}"
u_083,Sandra Baldwin PhD,CE,3,"[""Physics409"", ""Economics333"", ""ME453"", ""Economics301"", ""Chemistry213""]","{""Main Library"": {""days"": [""Sun"", ""Tue""], ""usual_time"": ""16:00"", ""duration_min"": 90}, ""Indoor Sports Complex"": {""days"": [""Sun"", ""Tue"", ""Thu"", ""Fri"", ""Wed""], ""usual_time"": ""08:00"", ""duration_min"": 45}}"
u_084,Karen Herrera,Chemistry,2,"[""Economics126"", ""Economics220"", ""CE410"", ""CS221"", ""Chemistry106""]","{""Computer Lab A"": {""days"": [""Sun"", ""Mon"", ""Sat"", ""Wed"", ""Thu""], ""usual_time"": ""09:00"", ""duration_min"": 45}, ""Science Library"": {""days"": [""Mon"", ""Fri"", ""Sat"", ""Thu""], ""usual_time"": ""16:00"", ""duration_min"": 60}, ""Central Cafeteria"": {""days"": [""Wed"", ""Sun""], ""usual_time"": ""12:30"", ""duration_min"": 60}, ""Computer Lab B"": {""days"": [""Sun"", ""Fri"", ""Sat"", ""Mon""], ""usual_time"": ""09:00"", ""duration_min"": 90}, ""Food Court"": {""days"": [""Fri"", ""Mon"", ""Sun""], ""usual_time"": ""08:30"", ""duration_min"": 30}}"
u_085,Jerry Roman,CE,2,"[""CS464"", ""ME453"", ""Economics220"", ""Physics409"", ""Physics234"", ""Economics162""]","{""Student Center"": {""days"": [""Wed"", ""Fri"", ""Sat"", ""Thu""], ""usual_time"": ""16:00"", ""duration_min"": 60}, ""Computer Lab B"": {""days"": [""Tue"", ""Wed"", ""Fri""], ""usual_time"": ""15:00"", ""duration_min"": 90}, ""Main Library"": {""days"": [""Fri"", ""Wed""], ""usual_time"": ""20:00"", ""duration_min"": 180}, ""Science Library"": {""days"": [""Sat"", ""Wed"", ""Tue"", ""Thu""], ""usual_time"": ""16:00"", ""duration_min"": 90}}"
u_086,Michelle Patel,Bio,4,"[""ME163"", ""CE153"", ""ME453"", ""Economics162""]","{""Computer Lab B"": {""days"": [""Sun"", ""Thu""], ""usual_time"": ""13:00"", ""duration_min"": 60}, ""Main Library"": {""days"": [""Tue"", ""Fri"", ""Sat"", ""Mon""], ""usual_time"": ""20:00"", ""duration_min"": 120}, ""Student Center"": {""days"": [""Fri"", ""Sun"", ""Thu""], ""usual_time"": ""09:00"", ""duration_min"": 60}}"
u_087,Lauren Duncan,CS,2,"[""Physics409"", ""Bio122"", ""Economics333"", ""ME163"", ""CE107""]","{""Central Cafeteria"": {""days"": [""Mon"", ""Wed""], ""usual_time"": ""19:00"", ""duration_min"": 30}, ""Student Center"": {""days"": [""Fri"", ""Thu"", ""Mon"", ""Wed"", ""Sat""], ""usual_time"": ""15:00"", ""duration_min"": 45}, ""Gymnasium"": {""days"": [""Wed"", ""Tue"", ""Fri"", ""Thu"", ""Sun""], ""usual_time"": ""07:00"", ""duration_min"": 45}, ""Science Library"": {""days"": [""Tue"", ""Wed"", ""Fri"", ""Sun""], ""usual_time"": ""21:00"", ""duration_min"": 120}, ""Computer Lab A"": {""days"": [""Fri"", ""Tue"", ""Mon""], ""usual_time"": ""16:00"", ""duration_min"": 60}}"
u_088,Sheryl Davis,MBA,3,"[""Bio308"", ""CE410"", ""ME386"", ""CE107"", ""Economics162""]","{""Student Center"": {""days"": [""Sun"", ""Thu""], ""usual_time"": ""13:00"", ""duration_min"": 90}, ""Central Cafeteria"": {""days"": [""Tue"", ""Mon""], ""usual_time"": ""08:30"", ""duration_min"": 30}}"
u_089,Gabrielle Arnold,Economics,2,"[""Economics360"", ""Chemistry274"", ""Bio122"", ""ME163"", ""ME426"", ""ME453""]","{""Indoor Sports Complex"": {""days"": [""Sun"", ""Mon""], ""usual_time"": ""06:00"", ""duration_min"": 90}, ""Science Library"": {""days"": [""Thu"", ""Tue"", ""Sat""], ""usual_time"": ""21:00"", ""duration_min"": 90}, ""Gymnasium"": {""days"": [""Wed"", ""Tue"", ""Mon"", ""Fri""], ""usual_time"": ""07:00"", ""duration_min"": 45}}"
u_090,Gloria Welch,CE,4,"[""CE107"", ""Economics126"", ""Economics333"", ""CE410"", ""Economics495"", ""Bio308""]","{""Gymnasium"": {""days"": [""Thu"", ""Sat""], ""usual_time"": ""08:00"", ""duration_min"": 45}, ""Central Cafeteria"": {""days"": [""Mon"", ""Sat""], ""usual_time"": ""12:30"", ""duration_min"": 30}, ""Indoor Sports Complex"": {""days"": [""Tue"", ""Thu"", ""Sun""], ""usual_time"": ""19:00"", ""duration_min"": 90}}"
u_091,Luke Goodman,EE,1,"[""Bio308"", ""ME453"", ""ME481"", ""EE180""]","{""Science Library"": {""days"": [""Wed"", ""Tue"", ""Sun"", ""Thu""], ""usual_time"": ""17:00"", ""duration_min"": 90}, ""Computer Lab B"": {""days"": [""Mon"", ""Sat"", ""Sun""], ""usual_time"": ""16:00"", ""duration_min"": 45}}"
u_092,Matthew Morrow,Physics,1,"[""Economics333"", ""Physics409"", ""CS491"", ""CS464"", ""Economics301"", ""Bio122""]","{""Indoor Sports Complex"": {""days"": [""Thu"", ""Tue"", ""Sat""], ""usual_time"": ""17:00"", ""duration_min"": 90}, ""Main Library"": {""days"": [""Sun"", ""Sat"", ""Tue""], ""usual_time"": ""21:00"", ""duration_min"": 60}, ""Gymnasium"": {""days"": [""Sat"", ""Wed"", ""Sun""], ""usual_time"": ""20:00"", ""duration_min"": 60}}"
u_093,Vicki Golden,Bio,4,"[""CS221"", ""Physics409"", ""Physics234"", ""CE107"", ""Chemistry213""]","{""Computer Lab B"": {""days"": [""Tue"", ""Thu"", ""Sat"", ""Fri"", ""Wed""], ""usual_time"": ""14:00"", ""duration_min"": 60}, ""Central Cafeteria"": {""days"": [""Tue"", ""Thu""], ""usual_time"": ""08:30"", ""duration_min"": 45}, ""Gymnasium"": {""days"": [""Tue"", ""Fri"", ""Mon"", ""Wed""], ""usual_time"": ""08:00"", ""duration_min"": 90}, ""Student Center"": {""days"": [""Wed"", ""Sun""], ""usual_time"": ""16:00"", ""duration_min"": 60}, ""Food Court"": {""days"": [""Sat"", ""Wed"", ""Fri"", ""Tue"", ""Thu""], ""usual_time"": ""12:30"", ""duration_min"": 60}}"
u_094,Tina Young,Physics,2,"[""CE445"", ""Chemistry274"", ""Chemistry213"", ""CE153""]","{""Student Center"": {""days"": [""Sat"", ""Tue""], ""usual_time"": ""11:00"", ""duration_min"": 60}, ""Science Library"": {""days"": [""Mon"", ""Thu""], ""usual_time"": ""18:00"", ""duration_min"": 180}, ""Computer Lab B"": {""days"": [""Mon"", ""Fri"", ""Thu"", ""Tue"", ""Sun""], ""usual_time"": ""12:00"", ""duration_min"": 60}}"
u_095,Craig Huerta,CE,1,"[""CE445"", ""Economics126"", ""Physics409"", ""ME481""]","{""Indoor Sports Complex"": {""days"": [""Fri"", ""Mon"", ""Sat""], ""usual_time"": ""20:00"", ""duration_min"": 45}, ""Science Library"": {""days"": [""Tue"", ""Sat"", ""Thu"", ""Mon""], ""usual_time"": ""19:00"", ""duration_min"": 90}, ""Computer Lab B"": {""days"": [""Tue"", ""Sun"", ""Sat"", ""Fri"", ""Wed""], ""usual_time"": ""15:00"", ""duration_min"": 45}, ""Computer Lab A"": {""days"": [""Tue"", ""Sun""], ""usual_time"": ""15:00"", ""duration_min"": 90}}"
u_096,Toni Pruitt,Bio,2,"[""CE153"", ""Physics341"", ""Bio181"", ""Bio350"", ""EE180""]","{""Student Center"": {""days"": [""Tue"", ""Thu""], ""usual_time"": ""15:00"", ""duration_min"": 90}, ""Gymnasium"": {""days"": [""Sat"", ""Mon"", ""Thu"", ""Fri"", ""Wed""], ""usual_time"": ""06:00"", ""duration_min"": 90}}"
u_097,Elizabeth Stevens,ME,3,"[""Bio350"", ""CE445"", ""Chemistry274"", ""Bio181"", ""ME426""]","{""Student Center"": {""days"": [""Sun"", ""Tue""], ""usual_time"": ""14:00"", ""duration_min"": 60}, ""Computer Lab A"": {""days"": [""Mon"", ""Thu""], ""usual_time"": ""12:00"", ""duration_min"": 90}, ""Main Library"": {""days"": [""Fri"", ""Thu""], ""usual_time"": ""20:00"", ""duration_min"": 120}}"
u_098,Sarah Garrison,ME,4,"[""Physics409"", ""CE445"", ""Chemistry213"", ""CS150"", ""Economics162""]","{""Central Cafeteria"": {""days"": [""Thu"", ""Sun"", ""Tue""], ""usual_time"": ""19:00"", ""duration_min"": 30}, ""Indoor Sports Complex"": {""days"": [""Tue"", ""Thu""], ""usual_time"": ""18:00"", ""duration_min"": 90}, ""Gymnasium"": {""days"": [""Sun"", ""Tue"", ""Wed""], ""usual_time"": ""17:00"", ""duration_min"": 45}, ""Science Library"": {""days"": [""Sat"", ""Fri"", ""Thu"", ""Tue"", ""Sun""], ""usual_time"": ""19:00"", ""duration_min"": 60}, ""Food Court"": {""days"": [""Wed"", ""Sun"", ""Thu"", ""Tue""], ""usual_time"": ""08:30"", ""duration_min"": 45}}"
u_099,Antonio Holloway,MBA,1,"[""Economics301"", ""Physics341"", ""Chemistry274"", ""Economics495"", ""Chemistry106"", ""ME453""]","{""Main Library"": {""days"": [""Thu"", ""Wed"", ""Sat"", ""Fri""], ""usual_time"": ""17:00"", ""duration_min"": 60}, ""Food Court"": {""days"": [""Sat"", ""Mon"", ""Fri"", ""Sun"", ""Tue""], ""usual_time"": ""08:30"", ""duration_min"": 45}}"
u_100,Alex Johnson,CE,4,"[""CS491"", ""Chemistry106"", ""ME453"", ""CE461"", ""Chemistry213""]","{""Central Cafeteria"": {""days"": [""Tue"", ""Mon"", ""Thu"", ""Sat""], ""usual_time"": ""08:30"", ""duration_min"": 60}, ""Student Center"": {""days"": [""Wed"", ""Tue""], ""usual_time"": ""15:00"", ""duration_min"": 45}, ""Science Library"": {""days"": [""Sat"", ""Sun"", ""Thu"", ""Mon""], ""usual_time"": ""18:00"", ""duration_min"": 90}}"
u_101,Judith Campos,Bio,4,"[""ME163"", ""CS464"", ""Economics220"", ""CS491"", ""Bio181""]","{""Main Library"": {""days"": [""Tue"", ""Thu""], ""usual_time"": ""20:00"", ""duration_min"": 120}, ""Computer Lab A"": {""days"": [""Fri"", ""Thu"", ""Tue"", ""Sat""], ""usual_time"": ""09:00"", ""duration_min"": 45}, ""Science Library"": {""days"": [""Sun"", ""Thu"", ""Wed"", ""Fri""], ""usual_time"": ""18:00"", ""duration_min"": 120}, ""Computer Lab B"": {""days"": [""Fri"", ""Wed""], ""usual_time"": ""11:00"", ""duration_min"": 90}, ""Central Cafeteria"": {""days"": [""Mon"", ""Sat""], ""usual_time"": ""12:30"", ""duration_min"": 60}}"
u_102,Jason Butler,CS,3,"[""CS221"", ""CS464"", ""Chemistry274"", ""Chemistry320"", ""CE461""]","{""Indoor Sports Complex"": {""days"": [""Wed"", ""Mon""], ""usual_time"": ""06:00"", ""duration_min"": 90}, ""Science Library"": {""days"": [""Sun"", ""Wed"", ""Fri"", ""Sat""], ""usual_time"": ""16:00"", ""duration_min"": 120}, ""Central Cafeteria"": {""days"": [""Wed"", ""Mon"", ""Thu"", ""Sun""], ""usual_time"": ""19:00"", ""duration_min"": 30}, ""Gymnasium"": {""days"": [""Tue"", ""Sat"", ""Sun"", ""Fri""], ""usual_time"": ""07:00"", ""duration_min"": 60}}"
u_103,Heather Spence,CE,2,"[""Economics126"", ""Economics333"", ""CE410"", ""ME426"", ""Bio350"", ""Physics341""]","{""Main Library"": {""days"": [""Mon"", ""Sat"", ""Fri""], ""usual_time"": ""21:00"", ""duration_min"": 180}, ""Gymnasium"": {""days"": [""Wed"", ""Thu"", ""Sun""], ""usual_time"": ""06:00"", ""duration_min"": 45}, ""Student Center"": {""days"": [""Tue"", ""Fri""], ""usual_time"": ""12:00"", ""duration_min"": 90}}"
u_104,Jennifer Terry,Bio,4,"[""CE107"", ""CS491"", ""Chemistry274"", ""ME426"", ""Bio122""]","{""Gymnasium"": {""days"": [""Fri"", ""Tue"", ""Thu"", ""Wed"", ""Sun""], ""usual_time"": ""17:00"", ""duration_min"": 60}, ""Indoor Sports Complex"": {""days"": [""Thu"", ""Tue"", ""Sat"", ""Wed""], ""usual_time"": ""07:00"", ""duration_min"": 45}, ""Science Library"": {""days"": [""Fri"", ""Wed""], ""usual_time"": ""18:00"", ""duration_min"": 60}, ""Food Court"": {""days"": [""Sun"", ""Mon""], ""usual_time"": ""08:30"", ""duration_min"": 30}}"
u_105,Barbara Stark,CE,3,"[""Physics409"", ""Bio350"", ""CE410"", ""Physics341"", ""Bio122""]","{""Food Court"": {""days"": [""Sat"", ""Fri"", ""Thu"", ""Mon"", ""Sun""], ""usual_time"": ""12:30"", ""duration_min"": 30}, ""Gymnasium"": {""days"": [""Tue"", ""Wed""], ""usual_time"": ""08:00"", ""duration_min"": 60}, ""Central Cafeteria"": {""days"": [""Sun"", ""Sat""], ""usual_time"": ""12:30"", ""duration_min"": 30}, ""Main Library"": {""days"": [""Sun"", ""Fri""], ""usual_time"": ""20:00"", ""duration_min"": 60}, ""Science Library"": {""days"": [""Sat"", ""Sun"", ""Wed""], ""usual_time"": ""21:00"", ""duration_min"": 60}}"
u_106,Anthony Robinson,Economics,2,"[""CE410"", ""ME386"", ""ME481"", ""Economics162""]","{""Student Center"": {""days"": [""Wed"", ""Thu"", ""Tue"", ""Sat"", ""Sun""], ""usual_time"": ""13:00"", ""duration_min"": 90}, ""Gymnasium"": {""days"": [""Tue"", ""Thu""], ""usual_time"": ""20:00"", ""duration_min"": 60}, ""Computer Lab B"": {""days"": [""Sat"", ""Wed"", ""Tue"", ""Mon"", ""Fri""], ""usual_time"": ""13:00"", ""duration_min"": 45}, ""Indoor Sports Complex"": {""days"": [""Fri"", ""Sun"", ""Sat"", ""Mon""], ""usual_time"": ""07:00"", ""duration_min"": 60}, ""Computer Lab A"": {""days"": [""Wed"", ""Sun"", ""Thu"", ""Sat"", ""Mon""], ""usual_time"": ""09:00"", ""duration_min"": 45}}"
u_107,Samuel Moore,Chemistry,2,"[""ME481"", ""CS464"", ""CS491"", ""CS150"", ""Physics341"", ""Bio350""]","{""Main Library"": {""days"": [""Sun"", ""Wed"", ""Thu""], ""usual_time"": ""17:00"", ""duration_min"": 90}, ""Indoor Sports Complex"": {""days"": [""Sun"", ""Sat"", ""Wed""], ""usual_time"": ""20:00"", ""duration_min"": 60}}"
u_108,Darren Carr,CS,3,"[""Economics495"", ""EE180"", ""ME386"", ""Economics333""]","{""Student Center"": {""days"": [""Sun"", ""Wed"", ""Sat""], ""usual_time"": ""11:00"", ""duration_min"": 60}, ""Central Cafeteria"": {""days"": [""Sun"", ""Tue"", ""Mon"", ""Fri""], ""usual_time"": ""19:00"", ""duration_min"": 45}, ""Gymnasium"": {""days"": [""Wed"", ""Mon"", ""Fri"", ""Tue""], ""usual_time"": ""20:00"", ""duration_min"": 45}, ""Food Court"": {""days"": [""Mon"", ""Thu""], ""usual_time"": ""12:30"", ""duration_min"": 45}}"
u_109,Debbie Hansen,Physics,2,"[""CS221"", ""CS379"", ""Chemistry106"", ""Economics220"", ""ME386""]","{""Computer Lab B"": {""days"": [""Sun"", ""Thu"", ""Sat"", ""Fri""], ""usual_time"": ""13:00"", ""duration_min"": 45}, ""Computer Lab A"": {""days"": [""Fri"", ""Wed"", ""Sun"", ""Thu"", ""Tue""], ""usual_time"": ""13:00"", ""duration_min"": 60}, ""Gymnasium"": {""days"": [""Tue"", ""Mon"", ""Sat"", ""Thu""], ""usual_time"": ""07:00"", ""duration_min"": 60}, ""Science Library"": {""days"": [""Sun"", ""Mon""], ""usual_time"": ""18:00"", ""duration_min"": 180}, ""Main Library"": {""days"": [""Sun"", ""Wed"", ""Mon"", ""Thu""], ""usual_time"": ""21:00"", ""duration_min"": 90}}"
u_110,Thomas Reese,MBA,3,"[""CS379"", ""Physics234"", ""CS150"", ""ME163""]","{""Student Center"": {""days"": [""Wed"", ""Mon""], ""usual_time"": ""15:00"", ""duration_min"": 45}, ""Computer Lab A"": {""days"": [""Mon"", ""Wed"", ""Thu"", ""Sat""], ""usual_time"": ""14:00"", ""duration_min"": 60}}"
u_111,Dawn Myers,Physics,3,"[""Bio181"", ""Economics360"", ""Bio308"", ""Economics220""]","{""Gymnasium"": {""days"": [""Sat"", ""Mon"", ""Tue"", ""Sun"", ""Wed""], ""usual_time"": ""08:00"", ""duration_min"": 60}, ""Indoor Sports Complex"": {""days"": [""Thu"", ""Wed"", ""Fri""], ""usual_time"": ""18:00"", ""duration_min"": 90}}"
u_112,Shawn Wood,ME,2,"[""CS379"", ""ME386"", ""Physics234"", ""Bio308"", ""Physics341""]","{""Student Center"": {""days"": [""Tue"", ""Sat"", ""Sun""], ""usual_time"": ""15:00"", ""duration_min"": 45}, ""Computer Lab A"": {""days"": [""Mon"", ""Sun""], ""usual_time"": ""16:00"", ""duration_min"": 90}, ""Indoor Sports Complex"": {""days"": [""Sun"", ""Fri""], ""usual_time"": ""06:00"", ""duration_min"": 45}, ""Main Library"": {""days"": [""Mon"", ""Wed"", ""Thu"", ""Sat""], ""usual_time"": ""19:00"", ""duration_min"": 90}, ""Central Cafeteria"": {""days"": [""Sat"", ""Sun""], ""usual_time"": ""19:00"", ""duration_min"": 30}}"
u_113,Karina Hess,MBA,1,"[""Economics333"", ""CE445"", ""Chemistry274"", ""Bio122""]","{""Student Center"": {""days"": [""Sun"", ""Fri"", ""Wed"", ""Thu"", ""Sat""], ""usual_time"": ""11:00"", ""duration_min"": 60}, ""Computer Lab B"": {""days"": [""Wed"", ""Tue"", ""Thu"", ""Sat""], ""usual_time"": ""10:00"", ""duration_min"": 60}, ""Computer Lab A"": {""days"": [""Wed"", ""Thu"", ""Mon""], ""usual_time"": ""13:00"", ""duration_min"": 90}, ""Food Court"": {""days"": [""Fri"", ""Mon""], ""usual_time"": ""08:30"", ""duration_min"": 45}}"
u_114,Vanessa Mercado,Physics,2,"[""ME163"", ""Chemistry106"", ""Economics220"", ""ME481"", ""ME453"", ""Physics341""]","{""Computer Lab A"": {""days"": [""Thu"", ""Tue"", ""Sun"", ""Mon"", ""Fri""], ""usual_time"": ""13:00"", ""duration_min"": 45}, ""Main Library"": {""days"": [""Sat"", ""Thu"", ""Wed""], ""usual_time"": ""20:00"", ""duration_min"": 120}, ""Science Library"": {""days"": [""Thu"", ""Tue"", ""Sun"", ""Fri"", ""Mon""], ""usual_time"": ""21:00"", ""duration_min"": 60}}"
u_115,Anna Williams,Bio,2,"[""CE461"", ""ME453"", ""Physics409"", ""Bio350""]","{""Gymnasium"": {""days"": [""Mon"", ""Fri""], ""usual_time"": ""17:00"", ""duration_min"": 60}, ""Main Library"": {""days"": [""Sun"", ""Tue"", ""Fri"", ""Sat""], ""usual_time"": ""17:00"", ""duration_min"": 180}}"
u_116,Pamela Dean,CS,4,"[""Bio308"", ""Physics341"", ""EE180"", ""CE461"", ""Chemistry213"", ""Economics301""]","{""Student Center"": {""days"": [""Wed"", ""Tue"", ""Sat""], ""usual_time"": ""14:00"", ""duration_min"": 60}, ""Food Court"": {""days"": [""Sat"", ""Fri""], ""usual_time"": ""19:00"", ""duration_min"": 45}}"
u_117,Paul Clark,CE,3,"[""Economics162"", ""ME453"", ""CS221"", ""Bio350"", ""CE153"", ""ME426""]","{""Computer Lab A"": {""days"": [""Thu"", ""Fri"", ""Sat"", ""Wed""], ""usual_time"": ""11:00"", ""duration_min"": 60}, ""Computer Lab B"": {""days"": [""Tue"", ""Fri"", ""Mon""], ""usual_time"": ""16:00"", ""duration_min"": 90}, ""Food Court"": {""days"": [""Fri"", ""Thu"", ""Tue""], ""usual_time"": ""08:30"", ""duration_min"": 45}, ""Central Cafeteria"": {""days"": [""Tue"", ""Sat"", ""Sun""], ""usual_time"": ""12:30"", ""duration_min"": 60}, ""Student Center"": {""days"": [""Sun"", ""Thu"", ""Mon"", ""Fri"", ""Tue""], ""usual_time"": ""12:00"", ""duration_min"": 90}}"
u_118,Ronald Reed,Bio,4,"[""ME426"", ""Economics360"", ""Chemistry106"", ""Bio122"", ""ME453""]","{""Indoor Sports Complex"": {""days"": [""Tue"", ""Sun"", ""Sat"", ""Thu"", ""Wed""], ""usual_time"": ""18:00"", ""duration_min"": 45}, ""Science Library"": {""days"": [""Sat"", ""Tue"", ""Mon"", ""Wed"", ""Fri""], ""usual_time"": ""20:00"", ""duration_min"": 60}}"
u_119,Mathew Smith,Chemistry,3,"[""Chemistry274"", ""ME426"", ""ME481"", ""Chemistry213"", ""Economics126"", ""CS150""]","{""Indoor Sports Complex"": {""days"": [""Sat"", ""Mon"", ""Tue"", ""Thu"", ""Sun""], ""usual_time"": ""08:00"", ""duration_min"": 90}, ""Food Court"": {""days"": [""Wed"", ""Sun"", ""Thu""], ""usual_time"": ""08:30"", ""duration_min"": 30}, ""Central Cafeteria"": {""days"": [""Sun"", ""Sat"", ""Mon"", ""Fri""], ""usual_time"": ""12:30"", ""duration_min"": 60}, ""Computer Lab B"": {""days"": [""Wed"", ""Fri""], ""usual_time"": ""12:00"", ""duration_min"": 45}, ""Gymnasium"": {""days"": [""Sun"", ""Tue"", ""Fri"", ""Mon""], ""usual_time"": ""06:00"", ""duration_min"": 45}}"
u_120,Nicole Weiss,Math,3,"[""Bio308"", ""CS150"", ""EE180"", ""ME426""]","{""Indoor Sports Complex"": {""days"": [""Mon"", ""Wed""], ""usual_time"": ""18:00"", ""duration_min"": 60}, ""Food Court"": {""days"": [""Sat"", ""Thu""], ""usual_time"": ""12:30"", ""duration_min"": 30}, ""Student Center"": {""days"": [""Thu"", ""Tue"", ""Mon"", ""Fri""], ""usual_time"": ""16:00"", ""duration_min"": 90}, ""Gymnasium"": {""days"": [""Thu"", ""Fri""], ""usual_time"": ""06:00"", ""duration_min"": 90}, ""Computer Lab A"": {""days"": [""Sat"", ""Thu"", ""Mon"", ""Wed"", ""Tue""], ""usual_time"": ""09:00"", ""duration_min"": 45}}"
u_121,Samantha Gibson,Bio,1,"[""CS221"", ""Economics220"", ""Bio181"", ""CS491"", ""CE153""]","{""Main Library"": {""days"": [""Mon"", ""Sun""], ""usual_time"": ""20:00"", ""duration_min"": 180}, ""Indoor Sports Complex"": {""days"": [""Thu"", ""Sat""], ""usual_time"": ""19:00"", ""duration_min"": 60}, ""Science Library"": {""days"": [""Tue"", ""Thu"", ""Sat"", ""Sun"", ""Wed""], ""usual_time"": ""18:00"", ""duration_min"": 90}}"
u_122,Heather Spencer,MBA,2,"[""Economics301"", ""Physics341"", ""Bio181"", ""Chemistry106""]","{""Student Center"": {""days"": [""Mon"", ""Wed"", ""Sat"", ""Tue""], ""usual_time"": ""11:00"", ""duration_min"": 60}, ""Central Cafeteria"": {""days"": [""Tue"", ""Sun"", ""Thu"", ""Mon"", ""Sat""], ""usual_time"": ""19:00"", ""duration_min"": 60}, ""Gymnasium"": {""days"": [""Sun"", ""Mon"", ""Thu""], ""usual_time"": ""20:00"", ""duration_min"": 90}, ""Main Library"": {""days"": [""Sat"", ""Tue"", ""Sun"", ""Mon""], ""usual_time"": ""16:00"", ""duration_min"": 120}}"
u_123,Samantha Leblanc,CS,1,"[""CE445"", ""CE107"", ""ME481"", ""Chemistry274"", ""CS379""]","{""Gymnasium"": {""days"": [""Thu"", ""Wed"", ""Sat"", ""Sun""], ""usual_time"": ""08:00"", ""duration_min"": 60}, ""Computer Lab B"": {""days"": [""Fri"", ""Sat""], ""usual_time"": ""16:00"", ""duration_min"": 60}, ""Student Center"": {""days"": [""Tue"", ""Sun"", ""Sat"", ""Mon"", ""Thu""], ""usual_time"": ""14:00"", ""duration_min"": 90}, ""Main Library"": {""days"": [""Mon"", ""Sat"", ""Thu"", ""Wed""], ""usual_time"": ""18:00"", ""duration_min"": 90}, ""Central Cafeteria"": {""days"": [""Fri"", ""Sun"", ""Thu"", ""Sat""], ""usual_time"": ""08:30"", ""duration_min"": 30}}"
u_124,Matthew Woods,ME,1,"[""Economics495"", ""ME481"", ""Chemistry274"", ""Chemistry106""]","{""Science Library"": {""days"": [""Fri"", ""Mon"", ""Thu"", ""Wed"", ""Sat""], ""usual_time"": ""21:00"", ""duration_min"": 120}, ""Central Cafeteria"": {""days"": [""Sat"", ""Sun"", ""Wed""], ""usual_time"": ""19:00"", ""duration_min"": 45}, ""Student Center"": {""days"": [""Mon"", ""Sun"", ""Tue"", ""Thu"", ""Sat""], ""usual_time"": ""12:00"", ""duration_min"": 60}, ""Computer Lab B"": {""days"": [""Fri"", ""Sat"", ""Mon"", ""Wed""], ""usual_time"": ""12:00"", ""duration_min"": 45}}"
u_125,Keith Franco,Math,3,"[""CE445"", ""Physics341"", ""Chemistry213"", ""Physics409""]","{""Science Library"": {""days"": [""Sat"", ""Sun"", ""Wed""], ""usual_time"": ""16:00"", ""duration_min"": 60}, ""Computer Lab B"": {""days"": [""Fri"", ""Mon"", ""Sat"", ""Sun""], ""usual_time"": ""09:00"", ""duration_min"": 60}, ""Indoor Sports Complex"": {""days"": [""Sat"", ""Wed"", ""Mon""], ""usual_time"": ""18:00"", ""duration_min"": 45}, ""Main Library"": {""days"": [""Sun"", ""Sat"", ""Wed"", ""Fri""], ""usual_time"": ""21:00"", ""duration_min"": 60}, ""Gymnasium"": {""days"": [""Sat"", ""Fri""], ""usual_time"": ""08:00"", ""duration_min"": 90}}"
u_126,Thomas Martin,MBA,2,"[""CE107"", ""ME453"", ""Economics495"", ""ME481"", ""CS379"", ""Bio350""]","{""Main Library"": {""days"": [""Tue"", ""Fri""], ""usual_time"": ""21:00"", ""duration_min"": 120}, ""Indoor Sports Complex"": {""days"": [""Sun"", ""Sat"", ""Wed"", ""Tue"", ""Thu""], ""usual_time"": ""18:00"", ""duration_min"": 45}, ""Gymnasium"": {""days"": [""Fri"", ""Wed"", ""Thu"", ""Mon""], ""usual_time"": ""08:00"", ""duration_min"": 45}, ""Science Library"": {""days"": [""Thu"", ""Sun"", ""Tue"", ""Sat"", ""Wed""], ""usual_time"": ""19:00"", ""duration_min"": 180}, ""Computer Lab B"": {""days"": [""Mon"", ""Sun"", ""Thu"", ""Sat""], ""usual_time"": ""16:00"", ""duration_min"": 45}}"
u_127,Jessica Hart,Economics,4,"[""Chemistry274"", ""CE461"", ""CS221"", ""Chemistry213""]","{""Computer Lab B"": {""days"": [""Fri"", ""Wed"", ""Mon"", ""Tue"", ""Thu""], ""usual_time"": ""11:00"", ""duration_min"": 60}, ""Food Court"": {""days"": [""Sat"", ""Thu"", ""Wed"", ""Tue"", ""Mon""], ""usual_time"": ""08:30"", ""duration_min"": 30}, ""Main Library"": {""days"": [""Fri"", ""Thu""], ""usual_time"": ""20:00"", ""duration_min"": 120}, ""Student Center"": {""days"": [""Thu"", ""Fri"", ""Tue""], ""usual_time"": ""11:00"", ""duration_min"": 90}}"
u_128,Cynthia Kelly,CE,3,"[""CE461"", ""ME386"", ""ME426"", ""CE153""]","{""Food Court"": {""days"": [""Sun"", ""Tue"", ""Wed""], ""usual_time"": ""19:00"", ""duration_min"": 45}, ""Computer Lab A"": {""days"": [""Mon"", ""Sun"", ""Thu"", ""Wed""], ""usual_time"": ""14:00"", ""duration_min"": 60}}"
u_129,James Welch,Physics,3,"[""CS491"", ""Economics126"", ""CE153"", ""Bio122"", ""Bio308""]","{""Indoor Sports Complex"": {""days"": [""Sun"", ""Wed"", ""Tue"", ""Thu""], ""usual_time"": ""20:00"", ""duration_min"": 45}, ""Gymnasium"": {""days"": [""Sun"", ""Thu""], ""usual_time"": ""18:00"", ""duration_min"": 45}, ""Main Library"": {""days"": [""Sat"", ""Tue""], ""usual_time"": ""20:00"", ""duration_min"": 60}, ""Science Library"": {""days"": [""Thu"", ""Sun"", ""Sat""], ""usual_time"": ""19:00"", ""duration_min"": 60}}"
u_130,Janet Lowe,ME,2,"[""CE107"", ""ME386"", ""Bio181"", ""CS221"", ""ME481"", ""CE410""]","{""Food Court"": {""days"": [""Wed"", ""Thu"", ""Sun"", ""Tue""], ""usual_time"": ""08:30"", ""duration_min"": 60}, ""Indoor Sports Complex"": {""days"": [""Thu"", ""Wed"", ""Fri"", ""Mon"", ""Sun""], ""usual_time"": ""06:00"", ""duration_min"": 90}, ""Student Center"": {""days"": [""Sat"", ""Fri""], ""usual_time"": ""12:00"", ""duration_min"": 60}}"
u_131,Meagan Jarvis,Chemistry,2,"[""Chemistry274"", ""Economics220"", ""CE107"", ""ME453"", ""CS221""]","{""Computer Lab B"": {""days"": [""Tue"", ""Sun"", ""Fri"", ""Wed"", ""Thu""], ""usual_time"": ""15:00"", ""duration_min"": 60}, ""Science Library"": {""days"": [""Tue"", ""Wed"", ""Mon"", ""Sun""], ""usual_time"": ""17:00"", ""duration_min"": 60}, ""Student Center"": {""days"": [""Sun"", ""Sat"", ""Thu"", ""Wed""], ""usual_time"": ""14:00"", ""duration_min"": 60}, ""Main Library"": {""days"": [""Sun"", ""Thu"", ""Mon"", ""Tue"", ""Sat""], ""usual_time"": ""19:00"", ""duration_min"": 180}}"
u_132,Ashley Hayes,Physics,3,"[""ME163"", ""Bio350"", ""CE153"", ""Physics409"", ""CE107"", ""Bio308""]","{""Indoor Sports Complex"": {""days"": [""Wed"", ""Thu""], ""usual_time"": ""08:00"", ""duration_min"": 45}, ""Food Court"": {""days"": [""Fri"", ""Sat""], ""usual_time"": ""12:30"", ""duration_min"": 45}}"
u_133,Dana Brown,Math,3,"[""CS464"", ""Economics360"", ""CE445"", ""Bio122"", ""Physics409""]","{""Indoor Sports Complex"": {""days"": [""Tue"", ""Fri"", ""Sat""], ""usual_time"": ""18:00"", ""duration_min"": 45}, ""Main Library"": {""days"": [""Tue"", ""Thu""], ""usual_time"": ""19:00"", ""duration_min"": 90}, ""Student Center"": {""days"": [""Tue"", ""Sun"", ""Wed""], ""usual_time"": ""11:00"", ""duration_min"": 90}, ""Central Cafeteria"": {""days"": [""Fri"", ""Sun"", ""Mon""], ""usual_time"": ""19:00"", ""duration_min"": 45}, ""Computer Lab A"": {""days"": [""Sun"", ""Tue"", ""Wed""], ""usual_time"": ""09:00"", ""duration_min"": 45}}"
u_134,Tiffany Lucas,CS,3,"[""Economics162"", ""Chemistry213"", ""CS150"", ""CS221"", ""CE445""]","{""Computer Lab A"": {""days"": [""Fri"", ""Thu"", ""Sun"", ""Sat""], ""usual_time"": ""12:00"", ""duration_min"": 45}, ""Food Court"": {""days"": [""Sat"", ""Thu"", ""Tue"", ""Fri""], ""usual_time"": ""12:30"", ""duration_min"": 60}, ""Student Center"": {""days"": [""Mon"", ""Thu"", ""Sat""], ""usual_time"": ""11:00"", ""duration_min"": 45}, ""Gymnasium"": {""days"": [""Sun"", ""Fri"", ""Mon""], ""usual_time"": ""06:00"", ""duration_min"": 60}}"
u_135,Angela White,CE,1,"[""CS379"", ""Economics162"", ""Economics495"", ""Chemistry106""]","{""Main Library"": {""days"": [""Sun"", ""Mon"", ""Sat""], ""usual_time"": ""17:00"", ""duration_min"": 90}, ""Student Center"": {""days"": [""Sun"", ""Wed""], ""usual_time"": ""11:00"", ""duration_min"": 90}, ""Computer Lab A"": {""days"": [""Wed"", ""Fri"", ""Mon"", ""Thu"", ""Sat""], ""usual_time"": ""09:00"", ""duration_min"": 60}, ""Central Cafeteria"": {""days"": [""Fri"", ""Sun"", ""Sat""], ""usual_time"": ""08:30"", ""duration_min"": 60}}"
u_136,Benjamin Garcia,Chemistry,1,"[""Physics341"", ""Chemistry320"", ""ME426"", ""CS379"", ""Economics162"", ""Bio181""]","{""Science Library"": {""days"": [""Thu"", ""Fri"", ""Wed"", ""Sat""], ""usual_time"": ""17:00"", ""duration_min"": 180}, ""Indoor Sports Complex"": {""days"": [""Sun"", ""Mon"", ""Fri""], ""usual_time"": ""06:00"", ""duration_min"": 45}, ""Computer Lab A"": {""days"": [""Thu"", ""Mon"", ""Tue""], ""usual_time"": ""10:00"", ""duration_min"": 45}, ""Student Center"": {""days"": [""Tue"", ""Wed""], ""usual_time"": ""16:00"", ""duration_min"": 45}, ""Computer Lab B"": {""days"": [""Tue"", ""Mon""], ""usual_time"": ""11:00"", ""duration_min"": 90}}"
u_137,Melanie Deleon,MBA,1,"[""CS221"", ""ME386"", ""CS464"", ""Physics234"", ""Economics220""]","{""Food Court"": {""days"": [""Thu"", ""Wed""], ""usual_time"": ""12:30"", ""duration_min"": 30}, ""Central Cafeteria"": {""days"": [""Fri"", ""Thu"", ""Sun"", ""Wed"", ""Sat""], ""usual_time"": ""19:00"", ""duration_min"": 60}, ""Science Library"": {""days"": [""Tue"", ""Thu"", ""Sun"", ""Wed""], ""usual_time"": ""19:00"", ""duration_min"": 90}, ""Main Library"": {""days"": [""Sun"", ""Mon"", ""Thu""], ""usual_time"": ""17:00"", ""duration_min"": 120}, ""Student Center"": {""days"": [""Fri"", ""Mon"", ""Wed"", ""Tue""], ""usual_time"": ""16:00"", ""duration_min"": 45}}"
u_138,Joshua Gentry,CS,2,"[""Economics495"", ""CS150"", ""CE461"", ""Economics126"", ""ME386""]","{""Gymnasium"": {""days"": [""Thu"", ""Mon"", ""Sun"", ""Fri""], ""usual_time"": ""08:00"", ""duration_min"": 90}, ""Indoor Sports Complex"": {""days"": [""Thu"", ""Mon"", ""Sun"", ""Wed"", ""Sat""], ""usual_time"": ""20:00"", ""duration_min"": 45}, ""Central Cafeteria"": {""days"": [""Tue"", ""Fri"", ""Mon""], ""usual_time"": ""08:30"", ""duration_min"": 30}}"
u_139,Lori Lawrence,Chemistry,2,"[""Economics220"", ""Chemistry320"", ""CS491"", ""Economics126"", ""ME481"", ""Bio122""]","{""Gymnasium"": {""days"": [""Sat"", ""Tue"", ""Wed"", ""Fri"", ""Sun""], ""usual_time"": ""06:00"", ""duration_min"": 90}, ""Student Center"": {""days"": [""Fri"", ""Wed""], ""usual_time"": ""12:00"", ""duration_min"": 60}}"
u_140,Steven Hays,Bio,2,"[""Physics234"", ""Chemistry274"", ""Bio350"", ""ME426"", ""CS379"", ""CE461""]","{""Gymnasium"": {""days"": [""Fri"", ""Sat"", ""Wed"", ""Tue"", ""Sun""], ""usual_time"": ""17:00"", ""duration_min"": 60}, ""Science Library"": {""days"": [""Tue"", ""Wed"", ""Sat""], ""usual_time"": ""17:00"", ""duration_min"": 120}}"
u_141,Daniel Shah,ME,1,"[""CS150"", ""ME426"", ""CE107"", ""Chemistry274"", ""Economics220"", ""Chemistry213""]","{""Main Library"": {""days"": [""Tue"", ""Sat"", ""Fri"", ""Thu""], ""usual_time"": ""17:00"", ""duration_min"": 180}, ""Computer Lab A"": {""days"": [""Fri"", ""Sun"", ""Thu"", ""Sat""], ""usual_time"": ""14:00"", ""duration_min"": 45}}"
u_142,Robin Beltran,MBA,4,"[""CE153"", ""Economics162"", ""Physics341"", ""Economics333"", ""Bio308"", ""CS464""]","{""Main Library"": {""days"": [""Wed"", ""Sun"", ""Tue"", ""Thu"", ""Fri""], ""usual_time"": ""16:00"", ""duration_min"": 60}, ""Central Cafeteria"": {""days"": [""Sat"", ""Mon""], ""usual_time"": ""12:30"", ""duration_min"": 45}, ""Science Library"": {""days"": [""Mon"", ""Sun"", ""Wed"", ""Thu""], ""usual_time"": ""21:00"", ""duration_min"": 90}}"
u_143,Samuel Meyer,CE,4,"[""CS150"", ""Bio308"", ""Economics360"", ""ME163""]","{""Main Library"": {""days"": [""Tue"", ""Thu"", ""Wed"", ""Fri""], ""usual_time"": ""18:00"", ""duration_min"": 60}, ""Computer Lab B"": {""days"": [""Mon"", ""Fri""], ""usual_time"": ""14:00"", ""duration_min"": 45}, ""Gymnasium"": {""days"": [""Sat"", ""Mon"", ""Thu"", ""Fri""], ""usual_time"": ""06:00"", ""duration_min"": 90}}"
u_144,Nathan Glover,Math,4,"[""Chemistry320"", ""Bio181"", ""ME426"", ""Bio350"", ""CS491"", ""CE153""]","{""Central Cafeteria"": {""days"": [""Thu"", ""Wed""], ""usual_time"": ""19:00"", ""duration_min"": 30}, ""Indoor Sports Complex"": {""days"": [""Fri"", ""Sat"", ""Tue"", ""Wed"", ""Sun""], ""usual_time"": ""18:00"", ""duration_min"": 45}, ""Main Library"": {""days"": [""Sat"", ""Mon"", ""Thu""], ""usual_time"": ""20:00"", ""duration_min"": 90}, ""Student Center"": {""days"": [""Thu"", ""Sun"", ""Sat""], ""usual_time"": ""16:00"", ""duration_min"": 45}, ""Computer Lab B"": {""days"": [""Tue"", ""Wed"", ""Sat""], ""usual_time"": ""13:00"", ""duration_min"": 60}}"
u_145,Eric Li,CE,4,"[""ME386"", ""ME453"", ""CE461"", ""CS379""]","{""Food Court"": {""days"": [""Sun"", ""Fri""], ""usual_time"": ""08:30"", ""duration_min"": 45}, ""Indoor Sports Complex"": {""days"": [""Sun"", ""Wed"", ""Thu""], ""usual_time"": ""18:00"", ""duration_min"": 60}, ""Student Center"": {""days"": [""Thu"", ""Tue""], ""usual_time"": ""12:00"", ""duration_min"": 45}, ""Main Library"": {""days"": [""Sun"", ""Mon"", ""Thu""], ""usual_time"": ""16:00"", ""duration_min"": 60}, ""Science Library"": {""days"": [""Sat"", ""Thu"", ""Tue"", ""Fri""], ""usual_time"": ""18:00"", ""duration_min"": 120}}"
u_146,Sean Holland,ME,3,"[""Physics409"", ""CS221"", ""Chemistry320"", ""CS379""]","{""Computer Lab A"": {""days"": [""Sat"", ""Thu"", ""Wed"", ""Fri""], ""usual_time"": ""13:00"", ""duration_min"": 45}, ""Gymnasium"": {""days"": [""Sun"", ""Tue"", ""Fri""], ""usual_time"": ""17:00"", ""duration_min"": 45}}"
u_147,Nicholas Martin,Math,4,"[""Physics409"", ""Chemistry106"", ""Physics341"", ""ME163"", ""Bio181""]","{""Indoor Sports Complex"": {""days"": [""Wed"", ""Tue"", ""Sat""], ""usual_time"": ""07:00"", ""duration_min"": 45}, ""Gymnasium"": {""days"": [""Tue"", ""Sun""], ""usual_time"": ""19:00"", ""duration_min"": 60}, ""Main Library"": {""days"": [""Mon"", ""Tue"", ""Sun"", ""Sat""], ""usual_time"": ""16:00"", ""duration_min"": 120}, ""Student Center"": {""days"": [""Sun"", ""Mon"", ""Tue"", ""Sat"", ""Fri""], ""usual_time"": ""16:00"", ""duration_min"": 90}}"
u_148,Jeffrey Bentley DDS,Physics,2,"[""ME426"", ""Economics333"", ""CS491"", ""CE107"", ""CS379"", ""Economics301""]","{""Student Center"": {""days"": [""Sun"", ""Mon"", ""Fri"", ""Tue""], ""usual_time"": ""12:00"", ""duration_min"": 90}, ""Indoor Sports Complex"": {""days"": [""Fri"", ""Sat"", ""Mon"", ""Wed""], ""usual_time"": ""17:00"", ""duration_min"": 90}, ""Computer Lab A"": {""days"": [""Wed"", ""Sat""], ""usual_time"": ""15:00"", ""duration_min"": 45}, ""Main Library"": {""days"": [""Wed"", ""Sun"", ""Mon"", ""Tue""], ""usual_time"": ""18:00"", ""duration_min"": 180}}"
u_149,Charles Beck,MBA,3,"[""Chemistry213"", ""Physics234"", ""Chemistry320"", ""CS464"", ""Physics409"", ""CE445""]","{""Gymnasium"": {""days"": [""Tue"", ""Sun""], ""usual_time"": ""19:00"", ""duration_min"": 45}, ""Student Center"": {""days"": [""Tue"", ""Sun"", ""Wed"", ""Sat""], ""usual_time"": ""12:00"", ""duration_min"": 90}, ""Science Library"": {""days"": [""Tue"", ""Mon""], ""usual_time"": ""21:00"", ""duration_min"": 120}}"
u_150,Sherry Williamson,ME,3,"[""ME426"", ""Economics333"", ""Chemistry274"", ""CS379"", ""CE107""]","{""Central Cafeteria"": {""days"": [""Sat"", ""Thu"", ""Wed""], ""usual_time"": ""19:00"", ""duration_min"": 30}, ""Main Library"": {""days"": [""Thu"", ""Sun"", ""Wed"", ""Fri"", ""Tue""], ""usual_time"": ""16:00"", ""duration_min"": 90}, ""Science Library"": {""days"": [""Sat"", ""Mon"", ""Thu"", ""Tue"", ""Sun""], ""usual_time"": ""17:00"", ""duration_min"": 90}, ""Student Center"": {""days"": [""Sat"", ""Tue"", ""Sun"", ""Wed"", ""Mon""], ""usual_time"": ""13:00"", ""duration_min"": 45}, ""Indoor Sports Complex"": {""days"": [""Sun"", ""Sat""], ""usual_time"": ""06:00"", ""duration_min"": 60}}"
u_151,Timothy Davis,ME,4,"[""ME481"", ""Bio350"", ""Chemistry213"", ""CE107"", ""Economics495"", ""Chemistry320""]","{""Food Court"": {""days"": [""Tue"", ""Sat"", ""Thu"", ""Mon"", ""Fri""], ""usual_time"": ""12:30"", ""duration_min"": 30}, ""Computer Lab B"": {""days"": [""Sun"", ""Thu"", ""Sat""], ""usual_time"": ""13:00"", ""duration_min"": 45}, ""Main Library"": {""days"": [""Wed"", ""Mon""], ""usual_time"": ""17:00"", ""duration_min"": 60}, ""Central Cafeteria"": {""days"": [""Mon"", ""Tue"", ""Sat"", ""Fri""], ""usual_time"": ""12:30"", ""duration_min"": 45}, ""Computer Lab A"": {""days"": [""Wed"", ""Sun"", ""Tue"", ""Fri"", ""Mon""], ""usual_time"": ""10:00"", ""duration_min"": 45}}"
u_152,Angela Meyer,MBA,1,"[""CS150"", ""ME481"", ""CE410"", ""Physics234"", ""EE180"", ""Bio122""]","{""Indoor Sports Complex"": {""days"": [""Thu"", ""Sat"", ""Mon""], ""usual_time"": ""07:00"", ""duration_min"": 90}, ""Science Library"": {""days"": [""Tue"", ""Fri"", ""Mon""], ""usual_time"": ""21:00"", ""duration_min"": 90}, ""Computer Lab A"": {""days"": [""Mon"", ""Tue"", ""Wed"", ""Sun"", ""Thu""], ""usual_time"": ""13:00"", ""duration_min"": 45}, ""Food Court"": {""days"": [""Mon"", ""Sat"", ""Tue"", ""Thu""], ""usual_time"": ""12:30"", ""duration_min"": 60}}"
u_153,Victoria Stokes,Math,4,"[""Chemistry320"", ""CS464"", ""Economics301"", ""Physics234"", ""ME426"", ""Economics333""]","{""Gymnasium"": {""days"": [""Tue"", ""Mon""], ""usual_time"": ""17:00"", ""duration_min"": 90}, ""Student Center"": {""days"": [""Wed"", ""Sat"", ""Fri"", ""Tue""], ""usual_time"": ""10:00"", ""duration_min"": 60}, ""Food Court"": {""days"": [""Fri"", ""Thu"", ""Sun"", ""Sat""], ""usual_time"": ""12:30"", ""duration_min"": 30}}"
u_154,Anthony Flores,CS,4,"[""CS150"", ""Bio181"", ""Chemistry274"", ""Chemistry213"", ""Chemistry106"", ""CS491""]","{""Central Cafeteria"": {""days"": [""Sat"", ""Sun"", ""Fri"", ""Tue""], ""usual_time"": ""08:30"", ""duration_min"": 60}, ""Computer Lab A"": {""days"": [""Sat"", ""Thu"", ""Sun""], ""usual_time"": ""11:00"", ""duration_min"": 60}, ""Food Court"": {""days"": [""Mon"", ""Sat"", ""Fri""], ""usual_time"": ""19:00"", ""duration_min"": 60}}"
u_155,Joshua Cooper,MBA,2,"[""Bio181"", ""ME426"", ""Economics126"", ""Chemistry213"", ""CS491""]","{""Student Center"": {""days"": [""Wed"", ""Tue"", ""Fri""], ""usual_time"": ""09:00"", ""duration_min"": 90}, ""Computer Lab B"": {""days"": [""Thu"", ""Sun"", ""Mon""], ""usual_time"": ""09:00"", ""duration_min"": 60}, ""Computer Lab A"": {""days"": [""Sun"", ""Mon"", ""Sat""], ""usual_time"": ""11:00"", ""duration_min"": 90}, ""Indoor Sports Complex"": {""days"": [""Sat"", ""Tue""], ""usual_time"": ""06:00"", ""duration_min"": 45}, ""Central Cafeteria"": {""days"": [""Sat"", ""Wed"", ""Tue"", ""Thu"", ""Fri""], ""usual_time"": ""08:30"", ""duration_min"": 30}}"
u_156,Heather Peterson,MBA,4,"[""Economics126"", ""Physics409"", ""ME386"", ""Bio308""]","{""Science Library"": {""days"": [""Fri"", ""Mon""], ""usual_time"": ""18:00"", ""duration_min"": 90}, ""Central Cafeteria"": {""days"": [""Sun"", ""Sat""], ""usual_time"": ""08:30"", ""duration_min"": 30}, ""Indoor Sports Complex"": {""days"": [""Fri"", ""Tue""], ""usual_time"": ""07:00"", ""duration_min"": 90}, ""Gymnasium"": {""days"": [""Fri"", ""Mon"", ""Thu"", ""Wed""], ""usual_time"": ""19:00"", ""duration_min"": 45}, ""Computer Lab B"": {""days"": [""Wed"", ""Sat"", ""Tue"", ""Sun""], ""usual_time"": ""16:00"", ""duration_min"": 90}}"
u_157,Steven Myers,EE,2,"[""Bio308"", ""ME481"", ""CS379"", ""CE410"", ""CS491"", ""ME453""]","{""Gymnasium"": {""days"": [""Wed"", ""Thu""], ""usual_time"": ""08:00"", ""duration_min"": 90}, ""Central Cafeteria"": {""days"": [""Tue"", ""Thu""], ""usual_time"": ""12:30"", ""duration_min"": 30}, ""Science Library"": {""days"": [""Thu"", ""Sun""], ""usual_time"": ""20:00"", ""duration_min"": 90}, ""Computer Lab B"": {""days"": [""Sat"", ""Sun"", ""Thu""], ""usual_time"": ""11:00"", ""duration_min"": 90}, ""Student Center"": {""days"": [""Fri"", ""Tue"", ""Mon"", ""Thu""], ""usual_time"": ""16:00"", ""duration_min"": 90}}"
u_158,Cassidy Baldwin,Economics,2,"[""ME163"", ""Chemistry274"", ""Chemistry320"", ""CE107"", ""Bio308"", ""Economics333""]","{""Gymnasium"": {""days"": [""Fri"", ""Wed""], ""usual_time"": ""06:00"", ""duration_min"": 60}, ""Central Cafeteria"": {""days"": [""Tue"", ""Wed"", ""Sat"", ""Mon"", ""Sun""], ""usual_time"": ""12:30"", ""duration_min"": 30}}"
u_159,Carolyn Anderson,EE,2,"[""ME453"", ""Bio181"", ""ME163"", ""Physics234"", ""CE461""]","{""Science Library"": {""days"": [""Thu"", ""Mon"", ""Tue""], ""usual_time"": ""20:00"", ""duration_min"": 120}, ""Student Center"": {""days"": [""Fri"", ""Mon"", ""Sat""], ""usual_time"": ""15:00"", ""duration_min"": 60}}"
u_160,Rebecca Wright,MBA,4,"[""CE153"", ""Economics360"", ""CE461"", ""ME481""]","{""Student Center"": {""days"": [""Sun"", ""Mon"", ""Sat"", ""Fri"", ""Tue""], ""usual_time"": ""13:00"", ""duration_min"": 90}, ""Computer Lab A"": {""days"": [""Sun"", ""Wed"", ""Fri""], ""usual_time"": ""13:00"", ""duration_min"": 60}, ""Gymnasium"": {""days"": [""Mon"", ""Tue""], ""usual_time"": ""08:00"", ""duration_min"": 90}}"
u_161,Laura Meza,Physics,4,"[""Bio308"", ""Chemistry274"", ""ME481"", ""EE180"", ""CE461""]","{""Computer Lab B"": {""days"": [""Tue"", ""Thu"", ""Sun"", ""Wed"", ""Fri""], ""usual_time"": ""09:00"", ""duration_min"": 90}, ""Gymnasium"": {""days"": [""Wed"", ""Sun"", ""Tue"", ""Thu"", ""Mon""], ""usual_time"": ""19:00"", ""duration_min"": 45}, ""Main Library"": {""days"": [""Wed"", ""Mon"", ""Sun""], ""usual_time"": ""20:00"", ""duration_min"": 60}, ""Food Court"": {""days"": [""Tue"", ""Fri"", ""Sat"", ""Thu""], ""usual_time"": ""19:00"", ""duration_min"": 60}, ""Indoor Sports Complex"": {""days"": [""Sat"", ""Tue"", ""Thu"", ""Wed"", ""Sun""], ""usual_time"": ""08:00"", ""duration_min"": 60}}"
u_162,Paul Ford,MBA,1,"[""CE410"", ""Physics341"", ""Economics495"", ""ME163"", ""Chemistry274"", ""Physics234""]","{""Computer Lab A"": {""days"": [""Fri"", ""Tue""], ""usual_time"": ""12:00"", ""duration_min"": 60}, ""Indoor Sports Complex"": {""days"": [""Sat"", ""Fri"", ""Mon""], ""usual_time"": ""17:00"", ""duration_min"": 60}, ""Central Cafeteria"": {""days"": [""Thu"", ""Mon"", ""Sat"", ""Sun"", ""Tue""], ""usual_time"": ""12:30"", ""duration_min"": 45}, ""Student Center"": {""days"": [""Wed"", ""Thu"", ""Sun"", ""Sat"", ""Mon""], ""usual_time"": ""13:00"", ""duration_min"": 90}, ""Computer Lab B"": {""days"": [""Fri"", ""Tue""], ""usual_time"": ""11:00"", ""duration_min"": 45}}"
u_163,Jennifer Gutierrez,Chemistry,1,"[""Chemistry213"", ""Chemistry106"", ""Economics333"", ""Physics234"", ""EE180"", ""ME481""]","{""Computer Lab B"": {""days"": [""Sun"", ""Sat"", ""Tue"", ""Fri"", ""Thu""], ""usual_time"": ""10:00"", ""duration_min"": 90}, ""Indoor Sports Complex"": {""days"": [""Tue"", ""Mon"", ""Wed""], ""usual_time"": ""18:00"", ""duration_min"": 90}, ""Main Library"": {""days"": [""Mon"", ""Sun"", ""Fri""], ""usual_time"": ""16:00"", ""duration_min"": 60}, ""Student Center"": {""days"": [""Mon"", ""Wed"", ""Fri""], ""usual_time"": ""15:00"", ""duration_min"": 45}}"
u_164,Kevin Gibson,Chemistry,3,"[""CE445"", ""ME163"", ""Physics409"", ""CE153""]","{""Student Center"": {""days"": [""Sun"", ""Tue"", ""Sat"", ""Mon"", ""Fri""], ""usual_time"": ""11:00"", ""duration_min"": 90}, ""Main Library"": {""days"": [""Sun"", ""Thu"", ""Fri"", ""Wed"", ""Sat""], ""usual_time"": ""21:00"", ""duration_min"": 180}, ""Indoor Sports Complex"": {""days"": [""Mon"", ""Sat"", ""Sun""], ""usual_time"": ""17:00"", ""duration_min"": 90}}"
u_165,Ruben Manning,Chemistry,1,"[""Chemistry320"", ""ME453"", ""ME426"", ""Physics409"", ""CE461"", ""CS221""]","{""Central Cafeteria"": {""days"": [""Wed"", ""Tue"", ""Thu"", ""Fri""], ""usual_time"": ""12:30"", ""duration_min"": 60}, ""Computer Lab B"": {""days"": [""Thu"", ""Fri"", ""Mon""], ""usual_time"": ""13:00"", ""duration_min"": 60}}"
u_166,Julie Ortega,EE,4,"[""Bio122"", ""Economics220"", ""CE445"", ""Economics333"", ""Physics234""]","{""Student Center"": {""days"": [""Mon"", ""Thu"", ""Wed"", ""Sun"", ""Fri""], ""usual_time"": ""12:00"", ""duration_min"": 60}, ""Gymnasium"": {""days"": [""Sat"", ""Mon""], ""usual_time"": ""06:00"", ""duration_min"": 60}}"
u_167,Sharon Johnson,Bio,4,"[""CE410"", ""ME426"", ""CE461"", ""ME386""]","{""Student Center"": {""days"": [""Wed"", ""Fri"", ""Thu"", ""Sat"", ""Sun""], ""usual_time"": ""16:00"", ""duration_min"": 45}, ""Food Court"": {""days"": [""Sun"", ""Mon""], ""usual_time"": ""19:00"", ""duration_min"": 45}, ""Main Library"": {""days"": [""Sat"", ""Wed"", ""Tue"", ""Sun""], ""usual_time"": ""18:00"", ""duration_min"": 120}}"
u_168,Wendy Bates,Economics,3,"[""ME386"", ""CS150"", ""Bio308"", ""CS221"", ""CS379"", ""Economics301""]","{""Central Cafeteria"": {""days"": [""Sat"", ""Mon"", ""Tue"", ""Wed"", ""Thu""], ""usual_time"": ""12:30"", ""duration_min"": 60}, ""Food Court"": {""days"": [""Mon"", ""Sat""], ""usual_time"": ""19:00"", ""duration_min"": 60}}"
u_169,Joshua Brown,CS,3,"[""EE180"", ""CS221"", ""Bio350"", ""CS150"", ""CE410""]","{""Computer Lab A"": {""days"": [""Wed"", ""Mon"", ""Fri"", ""Thu""], ""usual_time"": ""13:00"", ""duration_min"": 60}, ""Central Cafeteria"": {""days"": [""Fri"", ""Sun"", ""Mon""], ""usual_time"": ""12:30"", ""duration_min"": 60}, ""Main Library"": {""days"": [""Thu"", ""Sat"", ""Tue"", ""Sun"", ""Mon""], ""usual_time"": ""19:00"", ""duration_min"": 120}, ""Student Center"": {""days"": [""Mon"", ""Thu""], ""usual_time"": ""10:00"", ""duration_min"": 90}}"
u_170,Eric Mathews,CS,3,"[""Economics126"", ""ME481"", ""Chemistry320"", ""Economics301"", ""ME386""]","{""Computer Lab A"": {""days"": [""Sun"", ""Thu"", ""Tue"", ""Mon""], ""usual_time"": ""16:00"", ""duration_min"": 45}, ""Central Cafeteria"": {""days"": [""Sun"", ""Wed"", ""Thu"", ""Sat"", ""Tue""], ""usual_time"": ""19:00"", ""duration_min"": 60}, ""Indoor Sports Complex"": {""days"": [""Wed"", ""Fri"", ""Sun"", ""Tue""], ""usual_time"": ""08:00"", ""duration_min"": 45}, ""Main Library"": {""days"": [""Sat"", ""Sun""], ""usual_time"": ""18:00"", ""duration_min"": 60}, ""Gymnasium"": {""days"": [""Wed"", ""Sun"", ""Tue"", ""Fri"", ""Thu""], ""usual_time"": ""17:00"", ""duration_min"": 60}}"
u_171,Joseph Sanchez,Physics,2,"[""ME163"", ""CE410"", ""Economics162"", ""CS150"", ""CS491"", ""CS464""]","{""Computer Lab B"": {""days"": [""Thu"", ""Tue"", ""Wed""], ""usual_time"": ""12:00"", ""duration_min"": 45}, ""Student Center"": {""days"": [""Tue"", ""Fri""], ""usual_time"": ""13:00"", ""duration_min"": 60}, ""Indoor Sports Complex"": {""days"": [""Thu"", ""Fri"", ""Mon"", ""Sat""], ""usual_time"": ""07:00"", ""duration_min"": 60}, ""Food Court"": {""days"": [""Sun"", ""Fri"", ""Mon""], ""usual_time"": ""12:30"", ""duration_min"": 45}}"
u_172,Dawn Mann MD,Math,4,"[""CE107"", ""CE445"", ""Chemistry213"", ""ME481"", ""Bio350""]","{""Central Cafeteria"": {""days"": [""Fri"", ""Sat"", ""Wed""], ""usual_time"": ""19:00"", ""duration_min"": 45}, ""Computer Lab B"": {""days"": [""Sun"", ""Sat"", ""Thu"", ""Wed""], ""usual_time"": ""15:00"", ""duration_min"": 45}}"
u_173,Douglas Rodriguez MD,Chemistry,3,"[""Economics333"", ""CE461"", ""CS491"", ""CE107""]","{""Student Center"": {""days"": [""Sat"", ""Tue""], ""usual_time"": ""13:00"", ""duration_min"": 90}, ""Computer Lab A"": {""days"": [""Mon"", ""Thu"", ""Sun"", ""Tue"", ""Wed""], ""usual_time"": ""11:00"", ""duration_min"": 45}, ""Gymnasium"": {""days"": [""Mon"", ""Sun"", ""Fri""], ""usual_time"": ""17:00"", ""duration_min"": 90}}"
u_174,Chad Bradford,CS,4,"[""Chemistry274"", ""Bio350"", ""CE107"", ""CE153""]","{""Indoor Sports Complex"": {""days"": [""Sat"", ""Thu"", ""Tue"", ""Mon"", ""Fri""], ""usual_time"": ""19:00"", ""duration_min"": 90}, ""Science Library"": {""days"": [""Wed"", ""Fri"", ""Sun""], ""usual_time"": ""21:00"", ""duration_min"": 60}, ""Gymnasium"": {""days"": [""Wed"", ""Mon""], ""usual_time"": ""17:00"", ""duration_min"": 60}}"
u_175,Jill Johnson,Economics,2,"[""Bio122"", ""CS491"", ""CS379"", ""CE153"", ""ME453"", ""Physics409""]","{""Computer Lab B"": {""days"": [""Tue"", ""Thu"", ""Mon"", ""Sun""], ""usual_time"": ""16:00"", ""duration_min"": 45}, ""Student Center"": {""days"": [""Sat"", ""Thu"", ""Sun"", ""Fri""], ""usual_time"": ""13:00"", ""duration_min"": 45}, ""Main Library"": {""days"": [""Thu"", ""Tue"", ""Wed"", ""Sun""], ""usual_time"": ""16:00"", ""duration_min"": 120}, ""Gymnasium"": {""days"": [""Thu"", ""Sun""], ""usual_time"": ""07:00"", ""duration_min"": 45}}"
u_176,Angela Hayes,ME,4,"[""ME163"", ""CE461"", ""Economics301"", ""CE445"", ""Bio181"", ""Physics341""]","{""Gymnasium"": {""days"": [""Fri"", ""Thu""], ""usual_time"": ""19:00"", ""duration_min"": 60}, ""Computer Lab B"": {""days"": [""Sun"", ""Mon""], ""usual_time"": ""13:00"", ""duration_min"": 90}, ""Computer Lab A"": {""days"": [""Tue"", ""Wed"", ""Mon""], ""usual_time"": ""11:00"", ""duration_min"": 90}, ""Food Court"": {""days"": [""Fri"", ""Thu"", ""Sat""], ""usual_time"": ""19:00"", ""duration_min"": 60}}"
u_177,Ashley Pitts,Math,3,"[""CE410"", ""Economics126"", ""Economics360"", ""CS221""]","{""Student Center"": {""days"": [""Tue"", ""Wed"", ""Fri"", ""Thu"", ""Sun""], ""usual_time"": ""16:00"", ""duration_min"": 60}, ""Food Court"": {""days"": [""Sat"", ""Mon"", ""Wed"", ""Thu"", ""Fri""], ""usual_time"": ""12:30"", ""duration_min"": 30}, ""Computer Lab B"": {""days"": [""Wed"", ""Mon"", ""Thu"", ""Sat"", ""Fri""], ""usual_time"": ""11:00"", ""duration_min"": 45}, ""Science Library"": {""days"": [""Sat"", ""Sun"", ""Wed"", ""Mon""], ""usual_time"": ""19:00"", ""duration_min"": 60}}"
u_178,Robert Sandoval,ME,2,"[""Physics409"", ""CS221"", ""CE410"", ""Bio308""]","{""Central Cafeteria"": {""days"": [""Thu"", ""Tue""], ""usual_time"": ""12:30"", ""duration_min"": 60}, ""Food Court"": {""days"": [""Thu"", ""Fri"", ""Tue"", ""Mon"", ""Sun""], ""usual_time"": ""19:00"", ""duration_min"": 45}}"
u_179,Dustin Ruiz,EE,1,"[""Economics162"", ""Economics333"", ""ME481"", ""Bio350"", ""Chemistry213"", ""CS221""]","{""Food Court"": {""days"": [""Sun"", ""Tue"", ""Sat""], ""usual_time"": ""19:00"", ""duration_min"": 45}, ""Indoor Sports Complex"": {""days"": [""Sun"", ""Sat"", ""Thu""], ""usual_time"": ""20:00"", ""duration_min"": 45}}"
u_180,Elizabeth Larsen,CS,1,"[""Physics409"", ""ME163"", ""ME453"", ""Bio181""]","{""Food Court"": {""days"": [""Thu"", ""Mon"", ""Fri"", ""Sun""], ""usual_time"": ""12:30"", ""duration_min"": 60}, ""Gymnasium"": {""days"": [""Fri"", ""Thu"", ""Wed"", ""Sun""], ""usual_time"": ""08:00"", ""duration_min"": 60}, ""Student Center"": {""days"": [""Sat"", ""Thu""], ""usual_time"": ""11:00"", ""duration_min"": 45}}"
u_181,Kendra Thompson,Math,1,"[""CE461"", ""ME163"", ""CS221"", ""Economics495""]","{""Food Court"": {""days"": [""Mon"", ""Fri"", ""Sun"", ""Wed"", ""Sat""], ""usual_time"": ""19:00"", ""duration_min"": 60}, ""Computer Lab B"": {""days"": [""Sun"", ""Thu"", ""Wed""], ""usual_time"": ""11:00"", ""duration_min"": 60}}"
u_182,Kimberly Becker,CS,4,"[""EE180"", ""Bio181"", ""Economics360"", ""Chemistry274""]","{""Indoor Sports Complex"": {""days"": [""Wed"", ""Thu""], ""usual_time"": ""18:00"", ""duration_min"": 45}, ""Student Center"": {""days"": [""Fri"", ""Sun"", ""Sat"", ""Thu"", ""Wed""], ""usual_time"": ""09:00"", ""duration_min"": 90}, ""Central Cafeteria"": {""days"": [""Thu"", ""Sat"", ""Mon"", ""Wed"", ""Fri""], ""usual_time"": ""08:30"", ""duration_min"": 60}}"
u_183,Dominic Dorsey,CE,4,"[""CE107"", ""ME386"", ""CS150"", ""Economics495""]","{""Computer Lab A"": {""days"": [""Wed"", ""Thu"", ""Tue"", ""Sun"", ""Fri""], ""usual_time"": ""09:00"", ""duration_min"": 90}, ""Central Cafeteria"": {""days"": [""Sat"", ""Wed"", ""Tue""], ""usual_time"": ""19:00"", ""duration_min"": 45}, ""Computer Lab B"": {""days"": [""Sun"", ""Sat""], ""usual_time"": ""11:00"", ""duration_min"": 90}, ""Science Library"": {""days"": [""Fri"", ""Thu"", ""Wed"", ""Sat""], ""usual_time"": ""17:00"", ""duration_min"": 90}}"
u_184,Amber Oliver,Physics,3,"[""Economics162"", ""ME481"", ""Economics360"", ""Chemistry320""]","{""Gymnasium"": {""days"": [""Mon"", ""Sat"", ""Wed""], ""usual_time"": ""08:00"", ""duration_min"": 90}, ""Main Library"": {""days"": [""Thu"", ""Fri"", ""Tue""], ""usual_time"": ""16:00"", ""duration_min"": 180}}"
u_185,Andre Phillips,Bio,1,"[""Physics234"", ""ME426"", ""Economics333"", ""Economics301""]","{""Food Court"": {""days"": [""Thu"", ""Sun"", ""Tue""], ""usual_time"": ""12:30"", ""duration_min"": 60}, ""Student Center"": {""days"": [""Fri"", ""Thu"", ""Sun"", ""Sat"", ""Wed""], ""usual_time"": ""12:00"", ""duration_min"": 60}, ""Central Cafeteria"": {""days"": [""Sat"", ""Wed"", ""Thu"", ""Mon""], ""usual_time"": ""08:30"", ""duration_min"": 30}, ""Science Library"": {""days"": [""Thu"", ""Fri""], ""usual_time"": ""17:00"", ""duration_min"": 180}}"
u_186,Megan Dean,Chemistry,2,"[""Economics162"", ""CS150"", ""Economics333"", ""Economics126"", ""CE107""]","{""Main Library"": {""days"": [""Sat"", ""Tue"", ""Wed"", ""Thu""], ""usual_time"": ""19:00"", ""duration_min"": 60}, ""Indoor Sports Complex"": {""days"": [""Tue"", ""Thu"", ""Fri"", ""Sun""], ""usual_time"": ""06:00"", ""duration_min"": 60}}"
u_187,David Marquez,Economics,1,"[""CE107"", ""Physics341"", ""Economics220"", ""EE180"", ""Chemistry320"", ""Bio308""]","{""Indoor Sports Complex"": {""days"": [""Fri"", ""Tue""], ""usual_time"": ""20:00"", ""duration_min"": 45}, ""Science Library"": {""days"": [""Sun"", ""Sat"", ""Wed"", ""Mon"", ""Fri""], ""usual_time"": ""20:00"", ""duration_min"": 90}, ""Central Cafeteria"": {""days"": [""Mon"", ""Sat"", ""Thu"", ""Fri"", ""Tue""], ""usual_time"": ""12:30"", ""duration_min"": 60}, ""Computer Lab A"": {""days"": [""Mon"", ""Tue""], ""usual_time"": ""10:00"", ""duration_min"": 45}, ""Computer Lab B"": {""days"": [""Wed"", ""Fri"", ""Tue"", ""Sat"", ""Mon""], ""usual_time"": ""14:00"", ""duration_min"": 60}}"
u_188,Kelsey Sanchez,Economics,1,"[""ME453"", ""CE153"", ""CE107"", ""Bio122""]","{""Indoor Sports Complex"": {""days"": [""Sun"", ""Wed""], ""usual_time"": ""19:00"", ""duration_min"": 45}, ""Main Library"": {""days"": [""Fri"", ""Mon"", ""Sun"", ""Wed"", ""Thu""], ""usual_time"": ""21:00"", ""duration_min"": 180}, ""Food Court"": {""days"": [""Thu"", ""Tue""], ""usual_time"": ""19:00"", ""duration_min"": 45}, ""Computer Lab B"": {""days"": [""Wed"", ""Thu"", ""Mon"", ""Sun"", ""Fri""], ""usual_time"": ""10:00"", ""duration_min"": 90}}"
u_189,Debra Rios,EE,3,"[""EE180"", ""ME386"", ""CE445"", ""CS464"", ""Bio122"", ""CS221""]","{""Science Library"": {""days"": [""Sat"", ""Tue""], ""usual_time"": ""19:00"", ""duration_min"": 90}, ""Gymnasium"": {""days"": [""Sat"", ""Thu""], ""usual_time"": ""19:00"", ""duration_min"": 90}}"
u_190,Briana Meyer,EE,3,"[""Chemistry106"", ""ME163"", ""CS150"", ""Physics341"", ""CS491""]","{""Indoor Sports Complex"": {""days"": [""Fri"", ""Sat"", ""Thu"", ""Tue""], ""usual_time"": ""08:00"", ""duration_min"": 45}, ""Central Cafeteria"": {""days"": [""Sat"", ""Tue"", ""Thu"", ""Mon""], ""usual_time"": ""12:30"", ""duration_min"": 30}, ""Science Library"": {""days"": [""Sat"", ""Thu"", ""Sun""], ""usual_time"": ""19:00"", ""duration_min"": 180}, ""Computer Lab B"": {""days"": [""Sat"", ""Wed""], ""usual_time"": ""12:00"", ""duration_min"": 90}, ""Student Center"": {""days"": [""Tue"", ""Fri"", ""Mon"", ""Sat"", ""Thu""], ""usual_time"": ""12:00"", ""duration_min"": 90}}"
u_191,Michael Spencer,Bio,2,"[""ME426"", ""CS221"", ""Chemistry213"", ""EE180"", ""CE153""]","{""Food Court"": {""days"": [""Fri"", ""Sun"", ""Thu"", ""Wed""], ""usual_time"": ""19:00"", ""duration_min"": 45}, ""Computer Lab B"": {""days"": [""Wed"", ""Sun"", ""Fri"", ""Thu""], ""usual_time"": ""14:00"", ""duration_min"": 45}, ""Main Library"": {""days"": [""Fri"", ""Sat"", ""Tue""], ""usual_time"": ""19:00"", ""duration_min"": 60}, ""Gymnasium"": {""days"": [""Wed"", ""Thu"", ""Tue"", ""Sun"", ""Mon""], ""usual_time"": ""20:00"", ""duration_min"": 60}, ""Science Library"": {""days"": [""Thu"", ""Sun"", ""Mon""], ""usual_time"": ""21:00"", ""duration_min"": 120}}"
u_192,Alyssa Thompson,Chemistry,2,"[""CE410"", ""CE107"", ""Economics220"", ""Chemistry106""]","{""Main Library"": {""days"": [""Fri"", ""Sat""], ""usual_time"": ""20:00"", ""duration_min"": 120}, ""Food Court"": {""days"": [""Fri"", ""Sun"", ""Sat"", ""Tue""], ""usual_time"": ""19:00"", ""duration_min"": 60}, ""Computer Lab A"": {""days"": [""Fri"", ""Mon"", ""Tue""], ""usual_time"": ""14:00"", ""duration_min"": 60}}"
u_193,Carol Hanson,ME,2,"[""Bio308"", ""CE445"", ""Bio181"", ""CS491"", ""CE107""]","{""Student Center"": {""days"": [""Wed"", ""Mon"", ""Sat"", ""Fri""], ""usual_time"": ""10:00"", ""duration_min"": 45}, ""Food Court"": {""days"": [""Mon"", ""Fri"", ""Sat"", ""Wed"", ""Tue""], ""usual_time"": ""12:30"", ""duration_min"": 45}, ""Indoor Sports Complex"": {""days"": [""Fri"", ""Sat"", ""Sun"", ""Wed"", ""Tue""], ""usual_time"": ""07:00"", ""duration_min"": 60}, ""Computer Lab B"": {""days"": [""Thu"", ""Mon"", ""Tue"", ""Sat""], ""usual_time"": ""13:00"", ""duration_min"": 45}, ""Computer Lab A"": {""days"": [""Mon"", ""Wed"", ""Sun"", ""Tue""], ""usual_time"": ""15:00"", ""duration_min"": 45}}"
u_194,Phillip Pruitt,CE,2,"[""Bio181"", ""ME386"", ""Physics341"", ""Economics220"", ""CS150"", ""CE153""]","{""Gymnasium"": {""days"": [""Wed"", ""Mon"", ""Sun"", ""Thu""], ""usual_time"": ""07:00"", ""duration_min"": 45}, ""Main Library"": {""days"": [""Wed"", ""Sun"", ""Thu""], ""usual_time"": ""17:00"", ""duration_min"": 60}, ""Indoor Sports Complex"": {""days"": [""Thu"", ""Sun"", ""Tue""], ""usual_time"": ""06:00"", ""duration_min"": 90}, ""Student Center"": {""days"": [""Sun"", ""Thu"", ""Tue""], ""usual_time"": ""13:00"", ""duration_min"": 45}, ""Computer Lab B"": {""days"": [""Fri"", ""Thu"", ""Wed"", ""Sun"", ""Tue""], ""usual_time"": ""15:00"", ""duration_min"": 60}}"
u_195,Dr. Kevin Davis,Math,4,"[""Bio350"", ""Bio122"", ""CE153"", ""CE107""]","{""Student Center"": {""days"": [""Wed"", ""Fri"", ""Sun"", ""Mon""], ""usual_time"": ""15:00"", ""duration_min"": 90}, ""Indoor Sports Complex"": {""days"": [""Thu"", ""Sun"", ""Mon"", ""Wed"", ""Sat""], ""usual_time"": ""07:00"", ""duration_min"": 90}}"
u_196,Diana Martinez,MBA,3,"[""Bio350"", ""CS491"", ""Economics162"", ""Chemistry213""]","{""Computer Lab A"": {""days"": [""Thu"", ""Sat""], ""usual_time"": ""11:00"", ""duration_min"": 45}, ""Gymnasium"": {""days"": [""Fri"", ""Wed"", ""Sun"", ""Thu"", ""Sat""], ""usual_time"": ""20:00"", ""duration_min"": 45}, ""Science Library"": {""days"": [""Thu"", ""Fri"", ""Tue"", ""Sat"", ""Mon""], ""usual_time"": ""16:00"", ""duration_min"": 120}, ""Indoor Sports Complex"": {""days"": [""Wed"", ""Sun"", ""Thu""], ""usual_time"": ""06:00"", ""duration_min"": 90}, ""Central Cafeteria"": {""days"": [""Sun"", ""Fri"", ""Mon"", ""Thu"", ""Tue""], ""usual_time"": ""08:30"", ""duration_min"": 45}}"
u_197,Ana Morrison,MBA,3,"[""Physics234"", ""CS379"", ""ME426"", ""CE410"", ""Chemistry320"", ""Chemistry106""]","{""Computer Lab B"": {""days"": [""Thu"", ""Sun""], ""usual_time"": ""12:00"", ""duration_min"": 60}, ""Central Cafeteria"": {""days"": [""Wed"", ""Tue"", ""Sat"", ""Thu"", ""Sun""], ""usual_time"": ""12:30"", ""duration_min"": 60}, ""Indoor Sports Complex"": {""days"": [""Sat"", ""Wed"", ""Tue""], ""usual_time"": ""06:00"", ""duration_min"": 60}}"
u_198,Mitchell Jackson,Bio,4,"[""Economics495"", ""Bio122"", ""Chemistry274"", ""Economics126"", ""Bio308""]","{""Computer Lab A"": {""days"": [""Tue"", ""Sat""], ""usual_time"": ""13:00"", ""duration_min"": 60}, ""Central Cafeteria"": {""days"": [""Mon"", ""Fri"", ""Tue""], ""usual_time"": ""08:30"", ""duration_min"": 60}, ""Indoor Sports Complex"": {""days"": [""Tue"", ""Sun""], ""usual_time"": ""08:00"", ""duration_min"": 45}, ""Student Center"": {""days"": [""Mon"", ""Tue"", ""Sat""], ""usual_time"": ""13:00"", ""duration_min"": 60}}"
u_199,Dawn Lee,ME,4,"[""Physics234"", ""EE180"", ""CE445"", ""Chemistry274""]","{""Gymnasium"": {""days"": [""Mon"", ""Thu"", ""Sat"", ""Sun""], ""usual_time"": ""19:00"", ""duration_min"": 90}, ""Student Center"": {""days"": [""Tue"", ""Fri"", ""Wed"", ""Thu"", ""Sat""], ""usual_time"": ""15:00"", ""duration_min"": 45}, ""Science Library"": {""days"": [""Sat"", ""Thu"", ""Sun""], ""usual_time"": ""16:00"", ""duration_min"": 60}, ""Computer Lab A"": {""days"": [""Thu"", ""Fri"", ""Sat"", ""Wed""], ""usual_time"": ""14:00"", ""duration_min"": 90}}"
u_200,Rachel Washington,Bio,1,"[""CE445"", ""Chemistry320"", ""CS491"", ""CE461"", ""CE410""]","{""Computer Lab B"": {""days"": [""Wed"", ""Fri"", ""Sun""], ""usual_time"": ""14:00"", ""duration_min"": 45}, ""Gymnasium"": {""days"": [""Thu"", ""Sun"", ""Tue""], ""usual_time"": ""07:00"", ""duration_min"": 60}, ""Science Library"": {""days"": [""Mon"", ""Fri"", ""Wed""], ""usual_time"": ""16:00"", ""duration_min"": 90}}"
